Id,Value (M)
280,19.232496169921042
569,18.350532899267584
8731,1.618513721321456
10085,0.12957084679403152
9831,0.7226278553533021
7346,0.7986847181385812
10496,0.6105919296968452
8318,0.9690039291333008
17589,-0.6731247729053038
3615,0.9704629985846438
1303,5.590449368373392
9425,0.6942594267660738
108,30.19336691289717
15757,0.12215784459210255
8768,0.406686710595487
15149,0.0570229913996414
3442,2.3462228614640352
11995,0.6018893997852146
6585,1.098984614348744
18,22.42552676512829
15182,0.014961913191079645
14631,0.2836522727676041
2324,4.683074753953228
1614,5.4791935565704435
17085,0.3150984925162774
8561,0.7746084134412357
8122,0.5015991258575454
412,12.942643053021207
2249,6.845549364816172
2685,4.340644647142732
16094,0.045761532693880724
14387,0.11591557049450074
12257,1.2839322168171847
2013,5.657004009137758
3988,3.908440139340094
5369,-0.29089904522627563
13790,0.06266447340254189
482,14.11026259547328
7328,1.463100279051993
17121,1.9561181583030347
13305,0.6511440246058058
16634,-0.3236685953847669
16766,-0.47693318336877866
11989,0.03673707432033524
177,14.898027905495063
16628,-0.06979770792045059
8120,0.927408753733836
4069,3.677845510411508
5618,4.252204568922927
11309,1.0666407159727598
15007,0.6200084895271161
2019,6.729164932980758
10905,-0.08395397590047793
14866,0.8196690804770768
2099,5.647641378579628
14183,0.9014858408606514
3839,3.2849646810844533
9164,-0.7130153238847967
15227,0.23963711840914215
3374,3.7473513304118953
5413,2.689050115080711
16516,-0.05362655826876761
13373,1.1937428593046988
8823,-0.4149372548493133
11210,0.17228904881512364
11486,0.3450561923683253
2443,4.746874963971457
7564,0.9775214485347661
4263,2.2309999867011427
3405,4.081535637544157
14382,0.5038695548864567
2662,2.2000044435476767
2816,3.4210813557139588
5927,1.3725071625917948
15028,0.26472083818315895
8814,0.13966871140349468
12158,0.35745074903811513
5833,1.2050942504009825
16331,0.25331561003715564
5905,1.915215897588233
6523,3.3608858588110806
1122,7.690684323607805
14250,0.11656623407888134
14604,0.29324841560497106
8420,1.1438105286421845
16088,0.1765182879418674
5088,0.9361663355719188
3087,2.918693109083712
16946,0.10239443424179484
14846,0.9664230854050047
13055,0.3297210436360771
3285,3.331466200065087
2597,4.640502765128382
9529,0.6419907054812128
1522,7.862194076827642
3987,2.9170460660208235
6902,-0.1391091790067307
3108,4.908982762604019
7026,0.7279260560323237
6885,-0.09868919594870107
10399,0.9832955369407372
8395,-0.7409635705806394
4255,3.4806931459797923
16589,-0.07651218287281125
12437,0.8567816309344138
369,15.461743058569034
13474,0.4944575288357598
16333,0.5251451403811629
16219,0.14868154444038595
15651,0.030070665492353044
7171,0.33436381560799333
2709,5.640910725231144
12293,0.20426411120180177
14738,0.2933818242887085
14039,0.22212156222808943
3755,2.2589327801657006
6373,1.4027411105633192
682,9.888465476295913
7248,0.9651055258654893
8916,0.13063158684071396
6710,0.9173504325251329
14360,-0.04184686277213956
5951,1.9877617555160114
3672,4.429524433643074
11867,0.4749972168390073
13995,0.2729443725612768
6502,2.682489558684402
732,12.496676667597164
9997,0.0729425514628943
13434,0.44803900480606984
17911,-0.22613612218020052
3540,4.133547500985621
8031,0.4983036325970218
14851,0.39890184418117514
12276,0.5001072386329
16859,-0.11918744698756001
3356,5.69258111992297
10071,0.4370644720847494
7726,0.40896468424818266
128,40.24453000730801
17632,-0.5779963642744619
1991,5.631858783393902
3506,3.459577115052703
2826,4.386845931787612
10611,0.47589762976644323
2317,8.149832315140564
15582,0.05640919484421403
14400,0.008215667155305084
13695,0.32024711077516343
17406,-0.3562582690405449
9339,0.3210044292954919
2308,5.30512471294022
16785,0.09087083505165339
12846,0.9872179209851808
10930,0.529506843885251
8648,1.1233246687880225
17739,0.43527429105726156
1926,6.2706827951359045
12966,0.6609416984770675
8075,0.9342338021767844
15741,0.05325717554701015
15823,0.2820152011733157
9944,0.43229208293501387
8440,0.4323658002955213
15613,0.06552947124811936
8638,1.4452551446245607
4227,2.2714436919869527
14290,0.47089536732156745
4936,1.6145127631627858
11367,0.4610499631435019
5748,2.392820912299733
9489,0.7183081634985555
11597,0.8192937947489654
8690,2.0203166388265927
2017,5.659269549567334
13720,0.16137501630311846
8230,1.695894174223774
14558,0.20320660834408244
17767,0.2711716291718105
2312,5.2374023505335785
11285,0.5152321386486634
667,10.79245326558712
9347,0.9680541439050714
12638,0.9168395950582848
9537,0.7305730036609859
9430,0.700697974812762
11439,0.2805948870404862
576,16.11293047977062
1110,11.76629950559282
5741,2.6322512666795816
11870,0.9543940112060412
3219,3.5082779476801207
189,18.493760219255186
543,17.987094198202236
4129,2.376648463109781
14005,0.6091203798532305
4651,2.4840754078151477
15380,0.45358883697732466
10400,0.5276673180849869
2605,5.210311472901871
9403,1.423684842772694
16181,0.06984362696270097
5687,1.4900154514101516
2290,2.787473555729754
6829,0.5985201107131317
6436,1.4527245201742218
15170,0.16510551134560814
17070,0.4492751552493459
12526,0.19862457092913388
10642,0.8461855422384374
1666,6.455654557402859
2270,4.391283193036138
17842,-0.0942014184103428
4664,3.0743071538767524
16081,0.02554166471970376
5018,1.4742460243396138
5415,2.0290983462063323
8459,1.280702597837795
2459,5.497120883157798
16656,0.1651029585715733
782,11.806402640160819
14443,0.2740402300488185
13069,0.4506902771074621
16997,-0.5120393303511506
3159,4.181815804190556
14031,0.5089201109528076
7187,1.7186104086382912
15318,0.5153250494309631
14057,0.47119523829180565
13453,0.4003012059586055
7919,0.9002470643345006
5872,1.1029985193021261
11583,0.26754310890792254
6783,0.3439925972400246
6034,1.0911981791207737
5503,1.2834155296773204
7440,0.7060374429876717
4985,1.800306287412063
17636,-0.1681387926633775
14213,0.6964699859893884
11889,0.5196861739550585
12611,0.44372264697084773
13747,-0.012246486824459168
12772,0.5553284127517415
2212,5.53371074586682
5939,1.1437094305365392
2199,5.211086317242113
1138,9.859078992859246
13541,0.9228260272779423
7835,1.0169325121859103
6615,2.7113365533299074
10564,0.4217542514508281
15017,0.6396288900289377
8660,2.140227660142706
9411,0.3415910026753224
9886,0.0032322859055611275
14792,0.15065973874532546
10796,0.803767323348147
8362,1.155978435082595
9191,0.45499100162357564
7031,1.2472665722763239
10019,0.10805613580694029
4991,0.34740766842852366
6147,-1.1277929667394844
6087,-1.0801111655334168
11941,0.8894092980875641
15919,0.950560676908843
15530,0.4765561168471564
16296,0.14339996244033415
13463,0.3513907552748847
845,9.011599378076049
17318,-0.5718178008542125
9532,1.4328680676356171
1442,7.63357547470617
6462,2.4078516981534577
11749,0.7447592906908156
1265,7.494079665046563
3702,4.418545791887176
13936,0.3536369207602874
16182,-0.09777902145103923
7790,0.03511865817879567
3499,4.200249305495369
8806,0.24959077494390414
3476,3.9670232759350696
10542,1.3227058045786677
321,19.81639990097431
16544,-0.08196050952613376
563,15.80272581627414
10474,0.46086200494345775
16125,-0.06708986221330093
10801,1.4546729064458148
5090,2.8080735649544906
14050,0.6357389361501404
13113,-0.16563718530174043
15029,0.693702407732026
1831,6.075952426496251
6713,0.7391422019193712
11683,0.7537761791649373
243,18.756715652009355
92,39.90830868280241
1326,5.9159564155388935
7539,1.5124312680137635
6245,1.28625501317034
6805,0.9666345463060324
8024,1.347258634304204
4176,2.7227358710602445
12556,0.7151738359388062
6628,1.3774328721288285
17109,0.0812207509248637
7145,-0.17274466193136817
8431,1.3922643029429267
4992,1.9237362241392688
15353,0.39634600524573926
1758,7.738699260725674
2870,1.4244794053773475
7530,0.3068393215371046
13372,0.403428927349772
11955,0.2854696056552015
17456,-0.18872604029889573
9727,0.7947649356305888
5717,0.7710406126993874
10952,0.213134707689683
334,19.233465632155195
11544,0.4379509093366565
8083,0.23682579484280808
10377,0.28206484134663157
13448,0.6003328257628411
10476,0.46303205046552165
511,11.761107926902064
2288,5.6748534023276775
9288,0.5561404033728294
4715,2.5993592781587367
5103,1.076871497647538
8111,0.6636819041469906
1556,8.788048291104339
9644,0.6800516819969502
12850,0.6681213709471976
13147,0.9642924837855773
9440,0.43975621439465584
14492,0.10078088829238396
7535,-1.0673538697268228
137,31.258236467402206
5661,1.9119228144754246
2070,4.223805805963416
12348,0.2552096833254822
6835,1.5547595523941524
14987,0.5671929724687246
14092,1.0945668979906813
7284,1.2924186219321214
13970,0.6753589743908819
2178,5.38831126891332
568,14.73611745963239
10149,0.5487160582788349
1045,5.121031596160158
42,40.33426298652457
2973,5.62644321086713
11837,1.2086881593256678
8625,1.0547507038440287
16130,-0.052874397547817864
12889,0.09200520227049225
2314,4.717921476887575
4149,0.3984337706702874
10342,0.8364491434707517
12541,0.5254327744432103
1183,9.464914171104716
9319,0.36423132115465506
10697,0.7224330452224663
9234,0.32224385671391786
2722,3.930485185011783
16346,0.1693168814884629
9499,0.8391627918659665
6826,0.8988285565174365
15431,0.34998797953824834
17184,-0.17628896292359997
801,7.536467145588695
2468,6.967955959029034
9698,0.6541732340190904
13652,0.7867962929815562
4750,1.1584353193547727
10046,0.5489575661575046
10206,0.19058988730052562
13242,0.28157111895456666
16425,-0.0971280781642676
6196,2.446497587809624
6404,1.7351214276597844
10464,0.37805637953473337
3133,2.340562924425619
8846,0.15903189861578682
15800,0.3082672539457505
4668,2.8810214277036224
689,4.669696639453186
5165,1.7093965482540838
14209,0.4975376283492139
7629,1.5802218677834432
9780,0.4364861321107796
1457,5.09883233325575
12444,0.6384934996516378
2800,1.5976646259098501
6223,0.880934069247651
597,14.97919994293121
11041,0.13184299529896037
11705,0.44785746478151367
16157,0.13494135812459973
4097,2.1472347656216115
3291,3.642708634624533
9069,0.43027281714682175
448,19.152878210182017
8965,0.32986594108707123
13139,0.2556500137913318
13598,0.6462048197058934
14236,0.6771958515300796
15158,0.5703725704452793
15389,0.8542288103035034
4676,1.988534871157789
36,51.257127581938384
254,19.78921580699656
17354,-0.1764488039112635
17753,0.8290324869856889
13761,-0.11105055311394807
14780,0.5728945519927251
9102,0.2925482315285066
14647,0.3736170151689109
491,10.659388184867517
6977,1.4569227761370982
12131,0.08870454064456368
15481,0.4392774017122676
11379,0.2524915621515973
11533,-0.7770007520792248
12657,0.7293372585846427
15162,0.12550210196187805
10191,-0.07132892662948365
6141,1.3456148408315798
15307,0.2790574619542312
12456,0.7635330077867692
6764,-1.0758794555598925
14279,0.22904044106150678
3994,2.9848235252433497
9132,0.5301229355407102
10561,0.4257946887392521
15648,0.046740947116212794
8641,-1.8369251475483637
8324,0.3319078731034111
3036,2.259805055302074
15859,0.21822348973531547
13143,0.2441465712397175
13582,0.5409320980486925
2444,4.471813233294718
5884,-0.15548665987787302
9413,0.8152998195439451
16527,0.3521876056029143
11203,0.3879084352044728
7965,1.5542172731382422
8737,2.7163431152173914
12512,1.0727181548663154
14999,0.48465800184306573
10139,0.4823082505465024
6518,1.825953727949333
13809,0.19667440156157312
17322,-0.21920428239574363
6342,2.365404832190599
13233,0.271129178855837
5723,0.7572102578128792
298,14.37937379501819
13600,1.439470284618345
11536,0.5321664367767696
9076,0.02494685472344571
2164,1.6736134254350858
9576,0.27518274984748103
13839,0.2572769318610355
778,11.22249566847281
10140,0.2136016699708776
1195,11.308219220363192
11000,0.2983483782990035
1337,5.576948111110106
14776,0.6382418666751093
16719,-0.344418929028798
3749,3.2411719258568965
15083,0.15987595213592698
11490,0.34782310713374187
5192,1.5215176309637783
535,19.585759956439794
9469,0.446909619988169
16860,0.11362888425895079
2129,4.0008002830299105
5182,1.615159880333529
16083,-0.5027207365053741
2339,4.430959828354268
10586,-0.1567816238316979
12641,0.4796600232216903
2806,3.761495896887048
15246,0.35505771569625466
5701,2.671351306690333
16757,-0.18942177294312756
9849,0.8409675091120548
9610,0.6723180989101465
15011,0.522351996455761
4445,2.144459240725105
3773,2.8267231185754653
503,9.796316835367016
14707,0.34475363167297957
288,17.169815486461225
4773,1.818629022547647
16559,-0.4538664115110791
3357,3.114865335603504
400,17.83585845874365
15250,0.39777740808337825
1565,7.731816772514172
16165,-0.34682419773184137
14799,0.34775434146872186
16810,0.16977426144431007
15222,0.20654649138058545
12061,0.10693148120171969
4984,1.8450743628200925
6386,0.6921516333119584
17924,0.6454268978145947
3501,2.9931789601552694
9605,-0.22869590595077938
9150,0.37719134777274377
2190,5.184654106132292
14853,0.7460114887226652
8452,0.012841438398758953
5436,1.7991827100821993
8607,1.404802647593364
9876,-0.6802229290981288
8853,0.3352276045198792
9748,1.0201108441359779
6629,1.8018761057624957
3937,2.9566601218884543
12226,0.1556950000521411
630,14.239753371246884
6016,1.2758151036304568
3121,2.155762235532656
11651,0.909173466214618
10975,0.03464471026152438
10234,0.2698613485273782
9408,0.4319771533354455
1446,7.625016660855685
16252,-0.2716587010076452
6073,0.7025585010057185
17047,0.6046494480531592
8171,0.2841855280723493
16281,0.07608729707853712
8749,0.7983853518487578
15658,-0.05606183220690042
760,15.934192588067667
8457,1.0918543989834646
1141,12.064563785381829
12853,0.6093564646408467
7721,0.7582411946407106
9331,0.19439748149681435
10486,0.4520265282951712
6174,1.2273126708481712
5445,1.8053041213440721
11143,0.07871224087588047
15964,0.45701063235645023
7080,0.8805770495991609
13824,-0.22360063132004626
833,12.370986816052316
6770,0.17700488826169902
545,13.732004259800554
17714,0.805148226670731
9781,0.5996611333135817
9520,0.9497844804026911
12658,-1.5598038950653077
12648,0.4949035907743351
9095,0.42384992430704216
15319,0.2514992392791626
183,24.087359582399607
15372,0.31563092291678885
5069,1.7556542305426106
10659,1.029051613809223
10623,0.792423706228071
13915,0.31498995351233106
6869,0.8323519175304241
14198,0.995023227550142
3608,2.3439136692754445
11830,0.8089476706659369
16155,1.2000129846370058
4838,4.249938417848789
7380,0.32879131006625784
6243,1.274083031079492
4317,2.040783981416716
17558,-0.2571125572326949
7439,1.1899721983276308
10217,0.7747091456826851
12670,1.4002366146304936
14977,0.7754187891432522
9770,0.7279599061093833
16128,0.0019664927621008133
8479,1.2858335754612469
8454,0.8979165198664774
6880,1.4611652438262084
610,14.996213696725228
17432,-0.6000803232463809
13027,0.7170067374412312
14739,0.3281829303447026
1051,10.365150545450355
4828,2.5549390290124947
5135,2.351491602129336
8273,0.7090653921967984
11900,0.5259197346505076
4953,1.6548062909313117
3594,2.2813440953563955
6158,1.653827861998046
16220,0.11000923771469928
10628,-0.4794501211880018
144,28.066026977344897
8698,-0.5819958109616223
15579,0.08827087090700303
7759,1.007785806325053
2981,4.745687211819082
11634,0.4355745867379355
17738,1.3934542126463683
15285,0.24028475764037438
14670,0.056321110126823726
6819,0.1534714665424346
2857,4.65902657438027
16698,-0.6993967334319464
11606,0.8977780434986116
7778,2.174806006531689
6643,1.5939088764438551
5442,3.546585800056924
15997,0.8559259792286653
1856,6.516053823789143
5558,-0.3846686796542471
9540,1.2708167124745628
12978,0.21559240640417698
17067,0.2542256344349809
12741,0.13768941745863827
3447,1.6932809445651245
11222,0.24221719297039357
14589,0.2403620133557709
10608,1.5273422696361578
17277,-0.49130488537563366
11448,0.11062954437969807
2998,3.9294436132240023
5883,1.6307257007345797
1929,6.233799629792792
16063,-0.07323177695025862
15412,0.2966146246015384
13782,0.39856762511785604
6200,2.4642322323936057
13490,0.7015425710017453
16892,1.0632294188982385
16644,-0.16674096126397586
17968,1.134774766064119
14418,0.1637769958702009
16619,0.3270048781460204
16738,-0.3343071189975504
17188,0.6739349707959761
13770,0.1364136737674997
11162,0.6579363342361759
13815,0.5569188599108301
5754,2.334908489384354
11954,0.3015806991216934
5936,0.7920496500030296
1047,4.185503379883549
4467,0.4223934822581654
1618,6.203312618144999
17472,-0.11661084844526926
1309,9.745822314534841
11357,0.3548421399117885
1964,6.298500270130653
12886,0.6249199948336255
9173,0.37231318461507357
605,15.575338572429779
5669,2.4604421939498238
10024,0.1244783413574666
6842,0.45987575347319165
17129,-0.1301925954767924
2946,4.259840625044852
7751,0.27043984070824223
15407,0.29476731910971665
9929,0.06251359187444194
2978,2.1205921702864643
9061,0.4022900107774703
2583,5.20554543068905
7166,1.378180959239863
7370,1.2670577607799842
13626,0.5531957634219609
1087,8.078747960494617
446,14.531938976136352
11994,0.25824137457430396
9409,0.9508721611847832
11507,0.5897480423884005
12125,0.033949690160063994
4059,1.6113459030860966
10322,0.9300866292159569
8041,1.0234720657760263
14685,0.4794388690835305
17592,-0.6117653106443655
6866,0.6148377893320927
1466,4.672809215160335
1913,8.588476239826768
9189,0.3558683259714499
12281,0.2291895809903579
16376,0.15154472388352502
4685,3.5094111483649684
4054,2.2660958234983255
5501,1.1260676576647697
10265,0.45975428310097044
6863,0.7805415590073395
8755,0.9197675511808754
9592,0.1762326948394204
9837,0.7018433948246852
12017,0.03027887578489441
17316,1.5409272823319995
756,15.78768247720756
4918,3.3819735648177343
3611,2.103147188747961
3841,1.8148410314029704
12662,0.5872646855861987
10214,1.0812441911098958
4383,0.6137967831193052
3864,3.7327080105671584
7458,1.097061616593713
2268,5.465425312801663
9641,-0.04629628389478313
9291,0.4430882237549767
5267,0.22731663517981104
1295,6.573287487266505
2772,3.9811588198697265
10302,1.7162285008927185
12811,0.4465692304773867
12993,0.2703835505292673
11035,0.07056318423531849
5099,2.2487280988584715
2747,1.959423455649393
541,16.6652722787829
785,11.615234037699274
3198,4.6100335635150245
3583,3.5872465167081273
961,7.904798400905868
17819,-0.5668872693206239
3245,3.602387895593246
5446,2.7481490383825573
553,16.271620582188113
3772,3.4320759481714944
14959,0.80029996048372
10712,0.23635479492742917
10908,0.36989169525151766
5497,2.43299785690332
5995,1.5032229612032282
525,19.42508333497556
3383,2.3402968915068882
7164,1.9792949279359604
3818,3.2672789932750206
8522,3.2466474914801253
17444,0.16801387236474596
3296,4.207843522434281
15521,0.5500925833175856
1501,4.871612744211994
11771,0.8955214347829425
13426,0.7597176509998107
2669,6.792704156279733
1278,4.0738035218371
12489,1.2979564515367983
6409,1.2881448804386153
13148,0.5749410935013586
6642,2.424853183010889
10993,0.11867260910272392
12463,1.1293620901248502
14067,0.5998024789415624
14766,0.3240093816379854
5780,1.5748708180294742
11985,0.12270146046062536
16758,-0.3165902234672515
11293,0.8482329048965411
15283,0.4880781654788606
13141,0.3705007335725341
1333,7.072514598559515
7728,0.7269414301922623
2293,3.984088371054561
9094,-0.4975177742159005
16933,-0.06458235472454277
10690,0.7804535028429811
5579,1.474210236253505
10079,0.1526000745069851
11844,0.9315582675594598
11538,1.8834373244311777
12900,0.0929677017761108
5036,1.8236484470374492
11992,0.1905308842898208
15627,0.16716257897885356
8704,1.8998703561714976
3551,2.7766220213363724
10485,0.8050544148165883
12325,0.5420387500603496
17755,0.2913558359782158
4919,0.856620771254704
13742,0.07671036617899318
7889,-0.6341013230839181
5954,1.2131355040411407
7745,-0.5207855798755432
3456,3.4173241495416065
15577,0.44204000277351696
6463,1.7147613428964874
3975,3.086172648182121
4146,2.356133435435602
843,15.577494496247077
15231,0.19556490186119646
11475,0.32639039201379916
16429,-0.5038342658316779
13703,0.520778711217865
1884,6.2418839342854895
7118,0.7254056433106015
12071,0.1976621784880095
11773,1.2293395297650918
1007,9.763232309070837
13344,1.1156756764627502
7387,1.038050084895069
13913,0.31367428691540766
4820,2.26351061812543
2107,3.0047731739604373
8570,0.8312018169429436
16464,-0.26884565024982265
7588,1.3467550555350485
11048,0.19691192992207363
542,15.543584528501121
7368,0.9560387765775218
2799,2.0692947929087566
12864,0.08085797155620611
8962,0.25509635255165364
9229,0.5056883022958019
14007,0.2828658037151044
16073,0.29723072690628527
2808,3.065852968668004
7946,0.8330924689796078
6503,1.0677289080448915
9804,1.1735113740307455
2063,1.691233259548433
12602,0.2787923224311655
3035,3.347720761873184
3907,2.7953424144584673
6215,1.4934876698737938
3106,4.770733097750174
10835,0.29838673718496267
5555,2.7423780104579336
9279,0.8141541715561615
2889,3.7965500537291987
3985,4.270881825104404
17030,0.10286003144562272
8299,0.5911138933634916
14852,0.6423619603675306
10539,0.878910212363742
2047,4.137519357362514
4727,2.762945166653033
3552,3.872844807021899
16604,-0.12661623267447197
14353,0.5659311991135851
3767,3.9484391370316487
17502,-0.06623970130652168
13752,-0.04089548599373671
5918,1.390207744259989
1635,6.70393171489183
6125,1.4512932537751553
15334,0.34358692289935533
1486,7.80302865592693
1762,8.38708597665859
8837,-0.3393922508922529
5668,1.765404172589463
8207,0.5116413277504037
12941,-0.0037692208882234013
6384,1.5823349253840675
1576,3.0260391018048765
4895,0.8921874509027177
2091,3.958161308475262
6517,1.6348096862936004
16043,-0.16625029513811995
10902,-0.08709795900758621
11934,1.3180621482676074
15740,0.26165778838453235
16210,-0.13622795759011552
9085,0.9477212064535863
8972,0.4393818209495137
1659,6.444825439564589
12026,0.7174188268925477
786,13.453652611820438
14352,1.068068724503
11084,-1.3425624868943444
7441,1.2710172718117363
1311,7.441480596381432
9836,1.7139601618011042
8551,1.4878330415542038
9752,0.7366288252506692
8255,2.0137027011008897
17116,-0.6418639121590743
17320,-0.32402858568261905
5084,2.1042230779387197
14662,0.2303395454931021
15270,0.13152614680428343
15628,0.00457299331278449
10091,0.1581266759467681
12199,0.1712664374044479
13132,0.2667350566499138
12259,0.400990048068131
3428,1.7595545242288537
16065,-0.03697004666904746
14906,0.4061667719997999
12397,0.2914775745573408
10482,0.33529989885550293
14971,0.8343658004231074
16598,0.10031936905541983
7250,1.272642769443955
13282,0.7869476922112639
11329,0.5226451264218994
6824,0.17161867250613483
4542,1.3711231493330232
4852,2.4286921057975164
13829,0.26921322221971167
12702,0.8432628014928341
12192,0.2082116810068939
262,18.20081148540968
7723,0.4630077550191132
9247,0.66132874954382
11839,0.49831691255905497
7783,0.08619923847819422
6564,1.3807799161690397
5451,1.915333535921512
3951,4.273873978652894
2664,4.006645292053214
13376,1.065817254556542
11472,0.8729664466738924
7182,0.901087869912466
10493,0.41498141936509825
800,10.04342554357084
16603,-0.7049878307340194
10868,0.6784140552312792
10833,1.079759305318241
14188,0.49204190356626754
1422,9.425781413775745
16382,-0.4282515492041554
10797,0.6623818966168429
13260,0.5936290011063008
7923,0.4151898059513215
3010,3.790511909330256
3879,3.7815534623955145
4469,3.27106972807605
9141,0.41850858130334956
41,48.94701602855374
7438,0.33518421383821106
11515,-1.5598539003022225
4147,3.283934378537957
12329,0.24113400853122613
16993,-0.16440064150739175
595,13.915705770329232
6631,1.5668024948824026
16607,0.42767267332573766
13439,0.44630368145381993
10840,0.7228607394520665
4591,2.8852817100327783
10782,0.5702946865138259
17644,-0.17795063338444805
15129,0.017406067845264772
3211,4.337998551264327
4096,2.765164093554624
6080,1.3136001255785956
2546,6.01854130145643
17832,-0.7542625216851278
414,16.87414976249034
10338,0.2510433275184667
3284,3.6153757128059922
9984,0.10663439839806443
12484,0.9033125266434396
8786,0.21340874678885058
9931,0.37318278252922
1411,4.79810211377572
9204,0.26122946652296974
11913,0.8904132707378736
12022,0.08924469483360298
6062,1.5227394648608126
16282,0.22366009173850188
11387,0.5122832702389317
6351,1.2075091959617126
10147,-0.12109100082744106
12724,0.7296049017724116
1629,5.73176060073083
2335,3.444857785706027
6490,1.4135631255221526
2724,5.2961604759903125
797,8.331142221824884
4646,2.751611604777942
17020,-0.36371625470545865
9112,0.4526045806193011
68,21.530059816869475
87,30.777033500094937
15446,0.44632879787121027
2548,5.363124115611093
15505,0.31531880551802516
16214,0.17967640317738898
12904,0.0889857100598519
16439,-0.12543620648856546
441,15.267266384461259
5188,1.481402419170557
3604,3.344990152133853
4138,2.247731584833083
15352,0.28400426023085146
5310,1.700750876588053
4570,3.6319959882318003
14491,0.38582869310331347
16451,-0.36302282589044665
2761,4.381632515718358
7856,0.7098558023725801
17959,1.1277421004244914
8121,0.4327350120020341
11568,0.41201931055565666
17414,0.09764661793580132
17094,0.32139029672705277
17267,-0.15261682889778427
5640,0.46038796536107185
15086,-0.028540067168712824
17181,0.4684079760960387
3844,3.286560357515448
9267,0.3693456841299039
7194,0.752194948751189
3887,2.6183590896776465
3103,4.776558313579692
13873,0.29089439345606394
16708,0.20821614691063672
6641,2.4011595431283794
7509,2.2720888798376038
10078,0.23558426723027281
6279,1.9391739049852177
4397,2.1492231014155365
12979,-0.2378820053971893
8940,0.4549333636783146
6492,1.0307626664245433
6575,2.0128620604356584
1530,7.477687770084721
2189,4.935427181135886
3533,3.3204623936313666
2151,5.05424215984322
2595,6.179642987898397
5524,2.222488050360788
13816,-0.771941045087722
1139,3.8987721603264376
15899,0.13239924987160379
14458,0.075210562854501
11611,0.5448041339751413
11369,0.7658613376600485
16045,-0.15070878590189096
10891,0.6863684774225121
4008,3.5432822597470093
5483,1.8664734588231013
3871,4.23057198272307
7500,1.65588766166956
1858,7.508512589240944
7239,1.6002851025481917
14642,0.23321304246602637
5656,2.4661638117547326
11860,0.9155147658408751
4777,1.746390059987199
4450,2.1814243470672565
17395,-0.3147446709042683
16158,-0.13631185688985425
7818,0.5491896918902128
6449,2.018447091876091
16889,-0.31703119526327583
9852,0.1827726048676297
1427,6.7877890376516845
13745,0.22694201523612634
13771,0.3474353789045139
6280,2.277724651743206
12250,-0.15103350122002013
11110,0.10685406542221898
13138,0.32121990839407744
1624,5.653314815380789
12065,-0.23736272070733122
1626,2.804835706184768
490,12.790065044054849
3942,3.7978018054903444
2714,5.173110483865052
7806,0.37471810875602074
10304,0.3445781190148338
4721,4.369789280498928
2545,4.113511832801031
8225,0.5807322787004452
11752,1.2391968705327443
9508,0.5881997339214919
7739,0.8295431838178402
7189,0.9457164157651974
6768,1.2808754188321458
13927,0.26242944421297665
6390,1.2982853570811201
11599,0.6374460331724734
8276,0.14243417869653996
17597,-0.28550618655449256
13540,0.5114094955299677
6088,0.8435366304076339
12310,-0.32410478131031795
8852,0.19363955090883422
135,30.01709355841347
16518,-0.11381325481855953
2295,4.201420212669156
17501,-0.16893692249757208
1617,5.227002670306199
11805,0.5177649989176345
13253,0.6530404886022367
4350,3.7986125041405145
2735,3.6273979882135237
671,9.445472701261004
7566,0.9532767807221845
9181,0.2991057050074559
15810,0.3151392102606465
14741,0.5153268961075312
10721,0.7107247473311915
8800,0.49229465510178017
16470,-0.003871788307257873
17098,0.15091619098929954
4316,2.90824681376872
12490,0.5747044326055644
17398,0.11919605729863036
17243,-0.7652293803987291
6660,1.4935820775924995
8933,0.17099028649223413
4249,1.1989256360230982
10013,0.0949113138091846
7709,1.154875896576435
11519,1.2975847258944313
6171,1.0269222243786302
11360,0.09870564007845672
5851,1.625538412848762
4628,2.121051004463901
5123,0.8236901264693941
12142,0.7208862793033646
7789,-1.7304443948235857
231,31.21382520289918
6282,2.6768949731676557
2590,5.910977462501656
17708,0.02344099285912904
584,14.646468905153206
6718,1.1329930453037846
14216,0.5129889657129141
7688,1.0337535168816814
9175,0.3461535172953276
12469,0.9306371038798957
8764,1.3215090156495322
7324,2.2733964916438296
4261,2.023405444346672
16019,0.09422286812642966
10462,0.4734829813139285
2442,6.559814170549863
4476,2.4299929031299214
4251,2.4719734022104873
4857,1.575632293218824
15166,0.3277587792043235
7136,0.9035787424087616
5708,3.5721989046545772
12144,0.16664711242942332
17809,-0.11767277205820648
6422,0.3782286221973479
252,15.400059363423146
9994,-0.006519090811842432
14800,0.5011402276362915
5540,2.66690725549271
13840,0.26220912149006637
13973,0.3784210540938133
13525,0.8418601490023363
16625,0.4401536773885155
16896,-0.19335739188759504
16037,-0.05701424436067981
14580,0.16231346801922797
4421,2.3891506700253373
11140,0.1666685133674477
5858,2.4704321869141594
9509,0.627880944033059
1555,10.737960993170752
10824,1.0063712931562847
8982,0.5807719441727457
2272,4.043423069775322
1189,8.14071740763675
95,27.662712273697842
16611,-0.04580334165957112
15846,0.2381938952570195
7848,0.5684126834756213
12263,0.3576936464544431
13799,0.16671876386157436
12628,-0.054139872877676964
1698,7.406105649797304
14538,0.2601193516572451
15206,0.036954863773992486
16435,-0.6929422485544805
3369,3.3391684478637487
14346,0.6184200683544034
1882,3.789710954817245
17509,0.28427857912168264
7154,1.7055175411659818
15883,0.10033752991508749
17033,-0.27955648460451954
11181,0.17468399984901595
8286,0.9184108920925169
12704,0.6909465018671952
7029,1.0330227076356024
11465,0.7024676817736477
1321,4.046625376576976
5334,2.1075966206556487
818,14.945925845764656
6421,1.2822345162470796
16452,1.031079827876205
11991,0.11257798275405406
88,24.71762129698248
5969,1.2493945518368932
7453,0.9548297128738525
12378,-0.4842199738794122
15118,0.15270579831179276
3514,1.302831628433971
12500,1.1474109199469567
1478,6.775606507684309
17931,-0.06154581028987849
15146,0.029111559619032334
8398,0.8344371718224366
999,7.880225418015222
17287,-0.1719067921693309
5528,1.7968339352018106
16945,0.05089658895864346
12718,0.7994998352465004
16982,-0.2721044943678166
4392,1.2782784292560692
11330,0.24825742881477453
12308,0.23117070491640135
5120,3.8605515053346764
15248,0.6112427755723147
2774,2.6781660389156414
3413,3.4293786269189965
11270,0.3690352308194562
2852,2.9327772944843886
2149,4.366055808961114
12577,1.3730481848864358
15452,0.32951567607982923
7938,0.6365067376223053
5943,0.7929023950368546
15026,0.31034029735965163
3803,3.763802898876982
11287,1.121651051677496
6484,2.1601197332682105
16665,0.05425739761876258
3395,3.414689133718717
1034,8.595992181980598
16670,-0.09821681843495611
7012,1.5414724052080615
10185,0.5988379329520441
6326,1.0258712671817918
221,27.11776022392805
210,31.60399891545378
1066,2.4071116504656302
7685,1.0127891038719028
6900,0.7900883120988524
712,12.65099421820738
15411,0.40858197978587185
11263,0.20872166856016605
1661,6.469068311895448
16818,-0.2201114639617927
3888,3.3294790958481215
2610,6.77254146616071
10585,0.4601785441111943
6155,1.4238277292028485
1496,8.673780802991878
4695,0.13412103154761468
12379,-0.40787529496035546
8384,-0.04972645905989026
16915,-0.3507110752455347
11786,0.6911932291677161
4892,0.03731997345619931
5624,2.409911969743355
2420,6.331291788017218
17271,-0.16839426389622503
2932,3.304720620907453
14985,0.46577694980820894
11096,0.2933029627200838
8706,1.3594085725009748
6470,2.403839074658144
8680,1.4806650987969974
11265,0.2542257839385158
8406,1.4068569043406072
5299,1.594339959786673
15237,0.580394287354558
2037,4.198329671205094
17051,-0.3384683915630049
14668,0.4184439476590214
15915,0.33958931332495723
17452,0.5664200358741525
4034,1.7880661582325175
12509,0.28639379065111115
12829,1.1026623372464357
11282,-0.07920847397073061
7735,1.366413039786714
1395,7.900427415370821
9778,0.5039717370494898
17887,-0.14808436686275428
13080,0.2383396974052161
14720,0.37046806515719055
15960,0.7493380240010978
5144,2.8767736142684797
8003,0.9083288026952587
52,45.45283156630281
9933,0.03929608606183166
14633,0.21655707100287458
13610,1.1127544248160675
1074,10.320835666959404
12863,0.04132501646311226
9679,0.6163706298347122
7340,1.299090150841188
1038,10.229530876353316
17044,-0.2921983278515441
3757,3.0874426107299726
12212,0.22274744311381056
11425,0.20272629904432193
11857,0.5853920465893552
13509,0.7049566009498491
11610,-0.9502690347622078
11131,0.6127060075830073
1727,6.768219381500266
5077,1.3096306362333863
6624,1.56555752022944
4233,2.400930678529498
9306,0.3864893465647228
9791,1.2832736586764852
329,17.126965042520915
14807,0.579597732668951
8433,0.9938455287733277
2513,4.789658011797691
1053,10.65329779303186
13491,0.42679901920649144
7647,0.3579396624664284
7,81.45211540265797
13297,0.3568907536198722
8693,0.8380719103016148
10663,0.5943668853936472
2858,6.158216048197595
3377,2.730210413760865
16113,0.09661823764660227
14914,0.45491318419747273
12430,0.23805229789794424
12006,0.018854259921333494
10654,0.3472721607331337
5926,1.3617493068391227
15134,0.16141734114736295
12831,0.7835034692095562
10541,0.41678718135410264
12340,0.23453331011236145
11172,0.1744408257813106
1749,6.822073207729169
15402,0.39115886589069504
7435,1.1668038906342204
8025,-0.012933647350898525
4680,2.3895938275344193
1223,9.086824424591676
245,20.956181961133616
4300,2.387869549494688
6972,1.0918515426647346
10043,-0.06735833878639852
3529,2.8616547595714295
8875,0.16317619703738018
14954,0.528762780692098
8891,0.22201893038786835
1106,9.38341485166871
17733,-0.1090889604064742
12587,1.5789089340490463
16693,0.35307807514366374
3858,3.6008675285200056
17508,0.015129046304302562
11073,0.28440361189624497
2142,4.037215361997092
7533,0.6832847549382066
12104,0.09377300116856446
2490,5.5263673833235245
6639,2.1103231671273406
9235,0.779246807045773
13342,0.11289074951702815
9757,0.5762718946398806
7494,1.7321632691807523
6445,1.7133751897537834
14223,0.4583387590457093
12178,0.6573296963320203
4850,1.6308162510204411
14364,0.11230464934823914
4184,1.7174737973830574
17978,0.46473586045424753
8637,1.0944468377597545
14278,0.575421310902847
11563,0.6347125153792135
16289,0.7526905125021912
14646,0.2803920327758149
11578,0.7111398046022614
4101,3.4699280573268183
12530,0.8098782296838252
15819,0.035254663643947026
6057,1.8814342461889098
17028,0.5151146948412517
4051,2.3123774029887656
13494,0.605813770305808
5632,1.4013711487811875
17235,0.00740905260661151
14049,0.47306112607196127
4356,-0.5440374638850969
5086,1.5367293721629594
12352,0.371628004314978
10672,0.5246166960797254
7186,0.2576019458551926
12647,0.7176290192898946
6597,1.8744267670126291
11362,1.8548430157107632
16277,0.057567151663555194
13348,0.827661742844704
16927,-0.06956605872952792
3091,3.5651159783826145
13955,0.7912797742772497
10716,0.4979895541818493
2447,4.533261563302922
6468,1.969899877594493
4589,0.6913115435568145
5104,2.3629959404041543
5652,3.1103652340907857
1088,6.339701612780935
4877,1.1948976742165698
12304,0.24222391481362848
14367,-0.09104449215012522
290,16.672965416903217
16413,-0.26340563897930025
11865,0.675689727332859
8311,1.0892844882362098
5074,2.7859812487162046
13650,0.07904296862688653
12024,0.35376663077267523
9526,0.5555189919766477
15210,0.3411354695953648
11788,0.6207330446064319
14422,0.017912791681844453
14357,0.6047447673337629
2449,4.906451877838016
13223,0.9593860440052637
8874,0.2554967302480051
8623,1.1433596094513163
7774,0.5007577103049883
9743,0.7045970252044285
12854,0.7158540221796201
13602,0.908569840974927
17219,-0.3467704814192061
6278,2.6128870105266273
2292,4.659420716344677
16599,0.11997263255825175
1212,8.845679873257076
2887,1.9469242747379312
9014,0.24693598387602123
9017,0.6267976556876604
7219,2.550321090645234
13766,0.09611907611331816
9249,0.7200902325718843
614,13.027339011964493
4426,3.0319374956797773
916,12.038172962176198
4362,3.3993519593409403
1498,3.5550075226582933
9027,0.19558890169475518
12462,0.4668204565107814
17952,0.6154349474031378
10961,0.4186057995538519
623,12.690590670208259
378,15.674575076279417
4563,1.4961289686874366
6955,1.0031279361602188
4425,2.607745523742871
3342,2.6166596257677455
16295,0.11428395844887262
9773,1.942259040349846
2871,5.669598617264576
5721,1.3987122055755563
6069,2.017284453337929
15985,0.3213032715108781
6802,-0.14345267233999692
14424,0.14049390233049763
14087,0.531405225525269
2211,1.6904326528624622
17641,0.0622145667806322
3024,6.26958019615568
17510,0.022395822376658714
1310,9.844128527882269
11010,-0.4831514206477081
1009,9.763603598015614
8736,2.327527498609065
3653,3.0146408817460966
6400,1.3548252792282582
17701,1.2612347288071035
8380,0.6256810736282219
17511,-0.2896667974931759
5841,1.070892437399415
7384,1.4342781490055714
970,9.568421139107805
12513,0.6314854808753196
13095,0.2765818438501455
4313,2.494171945946327
4050,2.3419559100869876
17827,-0.2653066203205654
8985,0.3570052019697627
16044,0.01563346211045058
5749,0.8155976561155782
5550,2.46361207363244
7945,0.5471919704949286
16726,-0.5150017740819308
14639,0.3212715885929569
12994,0.1116627406635402
12461,0.3662608047584186
15714,-0.11264265874245183
15806,0.17620038729825893
6033,1.389331752579686
14655,0.41122952079393116
10790,0.6678925770878337
10376,0.041761426864518114
2122,5.402164073031507
6590,0.7321512185308094
10036,-0.4513561920199365
9296,2.1111912750702615
8666,0.9408863000885859
10157,0.24869549820501646
16394,0.47069424145880845
8930,0.5028340843638901
4170,2.5390574542416644
13876,0.14061652992487694
2344,4.3820704431816395
3910,2.8669933553318643
17487,-0.028097569088465946
9280,0.5814957775108169
8189,0.6885204523712574
2327,5.515941681629521
17222,2.9707850912905016
7505,1.7636249355021718
15289,0.41456569097028506
4799,2.6630592875772194
16226,1.046417903341741
1458,6.155719210684218
12910,0.5789294416019359
9071,0.32600657560326596
16989,-0.4519269877548666
11337,0.21060222208281942
7400,1.0894921204796262
14075,0.5488003268297561
9138,0.3674858602291309
10003,0.8802874903468236
16563,-0.19472175891753096
17179,-0.9364109310784343
1940,7.901685152899937
4548,-0.8288882351522133
15483,0.2885331529927484
5437,2.233104747920443
15620,0.11905083733785915
279,24.683521638508374
8351,1.250104868261964
555,16.768652389613173
16143,0.07372691427138278
1351,4.276140040965437
4707,2.6760627083809325
8301,1.2739183665213787
11088,0.37302607514285313
11376,0.24716230370744796
2045,5.004101075390047
208,27.810752511494137
9620,0.5261635272937824
3094,2.689442249812437
1107,11.295500529503677
5894,0.9548730368805209
13991,0.8363099305756165
13358,0.7891547956878568
14801,0.34939124281616074
14969,0.6649174869280117
17463,-0.0452732301922012
1743,6.592501141587569
17580,-0.10403947349453091
2842,4.149925289610884
16395,-0.030143440032354363
9254,-0.3642178644952381
798,7.9646721978725665
12685,0.4132605022656364
16492,0.9304143045821505
7365,-0.11912168913911358
6408,1.3220297379166581
11398,0.2419003171352685
14614,0.22199297086428516
17159,-0.6027285339735968
8862,0.9863341371545502
476,12.637085137034866
17639,0.16516613415053172
12617,1.0943750851148124
7330,0.7344534493587602
17433,-0.15700042103956235
9681,0.33355008631145466
15669,0.05131801457753937
14796,0.3489757438237362
12610,0.84483582654331
2939,5.484291451630277
5164,0.9413199852258529
11211,0.38329402543669033
9690,2.2161695615362405
2553,4.175703401060424
13423,0.04042690271797511
9274,0.3912856060617358
9024,1.0307826788564611
15548,-0.034263975926457135
1989,7.15189987104916
2298,3.5649126505745343
6413,2.2362341247920554
13533,1.0908828867167912
14632,0.30374643036312676
5715,2.0722472947253934
7327,-0.3322146857235495
11275,0.20866029961707255
17786,-0.6937193100950978
11264,0.18683875817307438
12270,0.6372854834308512
9612,0.9508622999578833
16536,0.03987158402893698
676,7.783487734794782
13199,0.30744997239168725
13339,0.41544857662345436
16129,-0.14841206085247194
8145,0.6218777272393865
15005,0.6009673479266908
17789,0.38883618952426247
11433,0.4136399993347979
4800,1.7974520020568647
10858,1.405680387127454
16974,-0.35883059685203733
11633,0.5013729058602578
11385,0.20636233536961157
496,8.160189694348922
1548,5.291993908615801
17372,-0.33864023633578455
2088,5.1366682417041645
17239,-0.17435272221361942
12190,0.06058899975787568
16486,0.24043505283554367
8836,-0.10706798363236913
16761,-0.4585956225366843
9160,0.956998259016963
11,71.57065084866295
16688,0.06269528796546098
11426,-0.17031153424508005
11720,1.4561150505350113
13994,0.27880640879460117
15269,0.22297347772917675
7676,2.1893903858617065
4639,3.2378748327415323
10850,0.13971753908899842
3039,5.709662354467945
10016,0.857844735022546
9285,0.7649628000339064
7429,1.4583459184276037
13001,0.23625771651581573
4125,2.8170088942755953
14617,0.39299713107606493
15625,0.10293839649988712
16291,0.030043676916498896
14241,0.3560024042961274
5505,1.7298519085247577
6309,1.477144295138011
1125,8.104737009871776
4566,2.3770349432392592
8931,0.21792495126894806
8371,0.6665129208501028
2110,4.192398902147822
6714,0.26881321025880567
7939,0.9066896473970516
551,13.961745156369453
4876,1.8303324758335648
13929,0.35805891109072974
7318,1.0945447398215506
15171,0.1445961609309805
3792,2.1117936644358153
15197,0.05792537629826455
15314,0.6559384866457876
5327,1.8537374905877257
327,18.39013855615803
638,10.703605435253785
5774,1.5422312320656388
13357,0.615261345057668
3334,2.979275002680872
8354,1.331158166034605
15848,0.29091570313550363
12754,1.386192681220443
5588,3.045720413595724
17776,1.013310935290015
14824,0.5845862461552755
11218,0.0004951857818085159
11965,0.061157101564212724
15417,0.3866136213043845
6114,1.069347642796565
1988,7.893007765920991
5110,-0.3963015870464588
1560,9.930244576248406
11677,0.7638438830891019
6204,1.896851482843779
11977,-0.00598675214408928
6997,2.3486415845770168
11346,0.8922873264642064
4882,1.1548010919933986
7996,-0.41169526493803943
16250,0.14385481362527486
5283,1.9562925098371196
3287,3.3817396298244873
4938,2.0580815958710232
1596,4.91647988793428
15069,0.10350788769161312
336,16.643837673120764
7978,0.5020772714166597
532,12.004075554599147
35,56.46447967636427
7257,1.2880175342050464
13129,-0.3089803615788256
13908,0.3276185019611759
17131,-1.388575215188574
10605,0.3167957145917981
15965,0.33193170367039926
899,12.112000185520365
4758,2.2150015242992325
7828,0.6222817373773992
2899,6.051898576212658
16998,-0.3056141806953363
11393,0.622573975610031
7402,0.9481195959153084
269,19.140995471602913
3628,3.2026078474466786
6341,1.261303515311603
2622,4.91961045768155
2291,4.573606346434964
6199,1.7856063280401244
8191,1.177208137753361
4744,2.4183734122552565
10980,0.02776328549185081
15629,-0.13455837747252275
5525,2.2232580714307275
9458,0.5127147252869761
17247,-0.4707192811786811
10886,1.048715340462941
2203,5.214638794119061
11278,0.19063051357658622
10923,-0.04986674234223898
17144,-0.2370447766536259
3309,-0.1558761946212215
14870,0.8176024775638311
4910,1.3319546714569768
6188,1.5504858920261242
9032,0.7717572252364775
17859,0.5039079129633777
6407,1.7542323594584204
14428,-0.3060179330569852
3577,3.7954978734275286
558,12.837957181148617
1010,7.49877289640191
6905,0.29852339864904565
10413,1.1592777337302707
14073,1.436065032627674
3142,5.738281381470806
11950,0.844714831068778
14899,0.5750763402332453
537,15.708465380496186
5228,1.8585988093221104
1134,8.110868552957989
13013,0.21768237535575707
3935,2.8745251308619046
12909,0.014771525905665328
2811,2.2598693609128375
14497,-0.3804400390965199
11729,0.9492142983974006
5538,0.7264522436255803
15301,0.3959168594130986
8044,0.871625892684257
8438,0.6188804826063361
6479,1.5774139782582708
7833,0.4043187176347871
15989,0.40767789025873213
3180,4.954179560443315
1717,3.5544820182432275
9940,0.20056771464195577
14404,0.32493217023628773
17286,-0.6393112685227678
5718,2.830213843281733
17702,-0.6383313913166617
3170,4.981185746635468
5293,2.6533512581475733
1067,11.048233184392707
15351,0.09666250713699043
7269,1.0626799938556744
11291,0.6754614950782738
13713,0.011704412345885373
17427,-0.6424932719552388
7795,0.24597209243273
7309,0.33662615650890615
8416,0.7659780589916849
17737,-0.5284595630538078
1531,6.606439934766975
920,10.90374854265874
324,20.537688494907364
890,10.749819529454122
10124,0.3777793119982036
17697,1.966271142109285
13331,0.8428483420185202
17788,0.9280904775196674
10601,0.7651171450766228
15907,0.4387787119099116
14884,0.5607743044619795
14168,0.49309628790539506
9404,0.7988770585774247
8536,0.7525376570206319
469,14.760805721212982
7355,1.618760722124712
11923,1.203099274222275
7476,1.7659475475295991
1792,6.445488234278635
10822,1.1254822972005982
649,12.78539266139503
14303,0.5357777574036149
14479,0.0045103174526772705
2829,3.82133596632503
10725,0.7057521265541098
900,11.1723101777823
7442,1.4073818319340532
5393,1.7047000048057512
4931,-0.3393926682927386
17507,-0.26378588111634116
2976,0.39971882035860773
2686,5.347061163485044
9731,0.713004276650004
719,11.369503836779053
12828,0.5725758939364525
17468,-0.18779359177538169
10940,0.21915986324599857
10162,0.24352515644749673
1710,6.351910439186376
5256,1.7210059207879809
13093,0.17110893631124924
16923,0.6133240624950318
11800,0.616521086565804
13949,0.5508744558366416
6555,0.6119131942190492
872,12.435280227024997
16290,0.12816644377077324
1622,6.873563789618991
12146,0.1183388202609379
5440,2.13404049136863
12931,0.1278763061783721
13403,0.4172379341913839
596,14.191801316191793
17089,0.18785609108004309
14235,0.9522060436857984
16266,0.7463516082987169
7964,0.3961746293569135
9406,0.6925157190031186
13158,0.535295878909146
9708,1.092187876082896
9955,0.789943095595298
4616,1.2567584639746414
15393,0.3117490268975516
3641,3.584022378872781
5040,1.0458573909049207
15336,0.24471312754170782
14821,0.5159658687485162
1594,7.666025074684391
7804,0.41613780967832525
12028,-0.19111371564994073
11710,0.8148361457371109
1527,4.964775508430911
9486,0.5852869272391885
3857,3.3131455212870478
9205,0.708635611216657
10933,-0.13059956705894393
7935,0.8880747110119316
12210,0.2542719610197892
3895,3.8397369113629267
8895,0.17282382769803206
9283,1.5780479836147592
15588,0.8144578261131201
8082,0.5516262688375306
1022,9.832848423790644
9788,0.8667172497630631
7043,0.6451834393274183
6453,2.849662634280911
11103,0.04504637622515162
2198,5.225886596946459
7644,1.3014447481294908
12305,0.10668372979869645
3920,3.970287307974594
14534,0.1163968217075606
13485,1.229332499080435
5162,-0.08224409397418952
10317,0.22275922373216162
7146,0.7568296598711797
7283,0.8879717912891394
4560,2.3953968562137007
15087,0.36228712551231723
1097,12.156706109407217
16705,-0.5346638233082004
7906,1.4019951349269988
7768,0.4487025292996023
8397,1.689744745838901
10171,-0.038444848839169765
9513,0.5100027970912251
1004,10.010448249852992
2977,4.933068768288713
7513,2.95743864510316
12197,0.41934796919567674
16237,0.1874841737005042
6886,0.7500688649669272
11435,0.2713401083991229
10763,0.6204018521401267
10470,-0.399068264640853
12878,0.009217287552438336
6617,0.8046728530790332
1660,4.03071497958917
5910,1.1036025659624116
438,16.22540627452232
3974,2.0014876320822808
9815,0.6222081904713903
6580,0.509148051827431
16348,0.33006981189159745
10506,0.38075713239560827
6207,0.4350427338614864
15326,0.31959135507387515
12032,0.036296913910796036
783,14.351335537824092
17865,0.295211079946192
14910,0.4935941857365336
17615,-0.4737112678709323
2064,4.3288435814637936
3139,4.752414429346281
4171,2.3886532033298167
14732,0.3190462520999162
2668,4.317285118178454
17259,-0.2004724888910019
16385,-0.03729939167326535
7307,1.1751872282072426
5793,2.9797716090045796
4410,2.1016641561561116
6848,0.450802805997391
14347,0.9778649827760759
15643,0.0482324999935102
3728,2.108397645078547
14829,0.24046493486564913
15382,0.431976670309659
17504,-0.48526495792700786
16973,-0.1238482175243476
5147,2.032318322751344
8010,0.5391988548413522
811,6.379524042202981
15367,0.3199481575696339
11430,1.215532595952645
15062,0.09879539930989978
15238,0.3084877614519641
13558,0.7508292743650102
5006,1.4003634808331427
11446,0.9790544577981919
8997,0.3800953117337613
9135,0.34678852046859987
7682,1.5407223747099508
954,7.539248354948548
7148,0.9293083855918312
3643,3.22502923020577
4886,1.491634751027469
15175,0.05613299399353622
5438,0.6772191491579562
7596,1.114940291193811
11674,0.7645778903588578
4865,0.35211661731666055
13418,0.5994918238203795
4005,4.354561942353762
12318,0.26373403083004376
4529,2.2987995918430997
6681,0.8010537269030138
7615,1.039793093956952
8155,0.46686916251386634
14723,0.2621662224321355
2492,5.483226468752953
7313,1.6655593257674113
16288,0.39490799091441176
15022,0.611822396075091
13067,0.2143016948211809
1358,7.423736154987573
6927,0.19858393579909972
17583,-0.09070217570521066
10548,1.3699573044915994
1848,7.816693238466563
5300,2.2738912028674676
5907,1.0998471938381797
1730,6.237851525499558
17648,-0.20698057509031997
9720,0.7483432025307835
8769,1.5546508893629394
17269,-0.3394324816063161
12443,-0.1398283184417508
8436,0.5376310352089675
14894,0.915094476241272
7705,1.2118868511725438
11237,0.3574181002377017
9651,1.0649900070758846
4482,2.4867421555767137
16689,0.3800424025146256
3996,3.0049037732679764
2364,4.541698374909508
13004,0.20066971945897905
14716,0.6689624940901453
4597,3.179969339810505
11560,0.7608954106122425
12557,0.9457350183644522
11407,0.2726825493530711
5261,1.019665482179299
11832,0.8981627600291162
12196,0.4929097370053981
5211,1.5828620581403285
9634,1.2509205835014328
3675,3.7240449840418037
17565,0.06723139412678591
11240,0.2768120182331941
5682,3.378519290867054
4692,2.8530682887562833
510,8.292557166755493
12894,0.32126740781993846
1241,8.45016580928219
6396,2.2245072708849207
14763,0.18253136954073312
3550,2.42482057257849
9451,1.049493433764944
717,13.427760529658904
9066,0.3251060323766026
5782,1.448867520546706
772,10.778568569688268
2580,2.322796681602277
11770,0.9257517363098131
14119,0.8385561899086653
9364,0.4484082914013001
8151,0.5983272448653665
8661,1.5404140239731916
3709,4.286933145341358
12684,0.4904080749472328
7472,0.7690747397150872
12312,0.43168744935251624
4600,2.713517571807124
7972,0.3593666355908951
4447,2.4519688548454113
2644,0.9451195435858537
1372,5.20265026859591
15191,0.15720352770537005
16201,0.09860137402625213
14822,0.3661869080124731
8270,0.770998037218142
2326,6.224098423444879
6074,1.2420071067927339
8719,1.2834833739865488
1057,13.537963693403917
379,11.549903763101021
1497,8.482601640967339
17249,-0.6311948143669852
150,23.028558937668087
8596,1.6134253946375665
13858,0.21677489008107642
11667,0.1804741562733696
3505,4.104227406479474
9707,-0.2772906568355964
11239,0.28413204841537976
17381,-0.1606395319956917
3635,2.2795849116999207
3236,4.000051882426938
1609,6.0158603608836
11219,0.34922363539750023
340,19.11671544640611
17080,-0.6744997732060725
9769,1.1295942106926518
12625,0.43029306410634405
11523,0.06174548689569548
13412,0.3773897624642686
16258,0.1647876224996665
8715,1.0500472881061924
7960,0.585660898201759
16241,0.053661336285706795
10661,1.5619243572515344
10283,1.080130213354657
123,24.694967823949007
6025,0.17358386131476067
2767,3.557061715751395
14727,0.23686160379306642
5965,1.9643885272472446
3660,3.790022481336628
16142,-0.042701234093151186
7305,-1.4204441566242494
17280,0.03397964260272346
5491,2.2274713003398077
5722,2.4782246802536534
8841,0.23484215847253864
5480,2.989705940263569
13993,0.49632794524010393
15260,0.25333200775143183
6567,2.0611759395859863
15138,-0.054263246033038115
7202,-0.39911531164819536
17912,-0.42023143394387574
11169,0.10486782099527403
16963,0.01678218167980816
9865,1.4918433522439543
5419,3.0011094223031094
13127,0.8755039826345907
13374,0.3738600077013743
3770,3.161163978017278
892,5.98136822255622
17941,1.296478584413613
1324,5.503930213286999
7632,0.4209947884574703
3301,3.0557447588226765
17795,1.504261331702999
11648,0.9066200362981718
1290,4.614430443390354
15189,0.1489844671366356
16403,-0.1968422948675439
4722,2.3394400551668255
17791,0.01768864731307218
7417,0.9126611710442845
5703,2.601187109922712
17229,-0.38026315890521545
16022,0.4214703685090413
12221,0.1419396790641727
154,24.781718378218436
561,16.793647986436177
9814,0.70879852641594
2073,6.220764495551784
3267,5.43351824238821
7678,1.4783505033185307
5532,2.537994006016909
1725,6.603118948379098
2652,3.0883707953386406
8883,0.646526167169192
10870,0.6364911222122558
7089,1.0653996052421988
9121,0.6472638175946557
11878,0.8162138773492629
3361,2.474946017872206
14176,0.39859590674881673
8214,1.1297035283636419
7071,0.8376852339289869
4650,0.7602715569184184
17595,0.8713493019012688
17430,-0.22359059082734944
4213,3.428447930307591
3930,2.120377236168075
7679,1.5710825213194894
17428,-0.6036090135386658
15827,0.17790779760515107
11798,0.8964740940676066
10584,0.6251015150880264
14966,0.826005937414088
11014,0.6856948507457261
8711,0.4620700505756261
16268,0.38310780145554446
9545,0.3805908519236354
15822,-0.059560155464190245
8720,1.7799061265627572
8974,0.7329227451891356
5864,0.7835358414665663
1459,8.884862783526394
14013,0.556254875806836
14322,0.6024520001011879
7385,1.711723985098054
1809,6.340345071856639
16112,0.07771244018517365
13819,0.19148174960466946
16548,-0.1128956819108069
16140,0.12187142947686169
3936,6.550235942292794
14848,0.45942060761195336
17126,-0.08904177441079497
8701,0.6867187062302307
12660,0.7693104578392749
9820,0.38055609589242323
1238,4.764502544389607
3279,4.430173270352562
14990,0.496476620828453
7794,0.29811593421251104
10264,0.10561162911162825
4315,2.9172601880724116
13673,0.6599713330500876
16196,-0.59867819028009
9009,0.5665742051883669
10547,0.4098127316707476
13827,0.3384198708090693
6299,1.24493399986968
11138,0.12650594891088218
9134,0.38038539079330036
6029,2.05327193809304
3494,4.35508766467418
14854,0.4909196579801218
9930,0.2872930751907248
5109,2.7052015936341505
14663,0.2679000812485768
12895,0.1069883597993666
11743,1.115244512994714
7702,0.5732774573422219
1250,9.75854695820717
4764,2.7398719187170784
5892,2.192418628226015
13452,-0.18638459676373742
17730,0.2768633562790299
477,12.136286617321808
12932,0.12180476218210146
10277,0.24509451925238324
10859,0.8088782150269154
2519,6.919950906757855
16615,1.7182236067114545
4858,1.5614189984773006
8049,0.812640204487316
14245,0.8969559767850441
14336,0.5210211113890821
17345,-0.2178202563006053
3215,3.8981851914831864
4530,2.6237886159609545
9142,0.31391469331115474
13550,0.605773327477614
3441,2.2294611141235876
13632,0.3920078708480972
1960,8.345744187227716
387,14.033100398246681
17814,0.5258031965887753
1901,6.234351234084535
3667,3.9483333099638642
6497,0.9754458610818162
11339,0.8737359921141987
3258,4.250874794229908
13635,1.0715144418901943
10153,0.7733509781822008
10241,0.11242969143676618
15593,0.08060940962140961
12799,-0.48824544691988336
9785,1.1032264034340145
14596,0.01930668196286689
16211,0.10209131046831743
4440,2.447327724034629
14750,0.4782450421484796
13802,0.2589652566491836
14325,0.5105636668177098
10981,0.04360260973592034
4733,2.985482352350978
7582,1.7470680599538966
13666,0.7089429073131797
11724,0.4223701425934152
13478,0.47953483036189226
10365,0.5626026332757377
12107,0.2202800946034884
3475,2.9859415417271506
17306,-0.29978553888711446
2578,6.754398030984881
10220,0.09198079983290341
101,39.62543073614787
17841,-0.25496462715801016
6332,0.0859413579347077
17217,-0.1508799101580749
2924,4.630028936941635
9999,0.6433906351933913
4131,2.245754543659821
11083,0.19898165275255764
1393,10.521744237039478
1707,7.173634727223892
10066,0.3919495298842932
3011,4.586959757929826
14911,0.644579536716968
938,6.428837586935607
15861,0.4803271718241078
17026,-0.5970863436151674
9503,0.48029556520872774
11055,0.36998149685759785
10492,-0.17668205939295234
3424,3.2898323382193766
7684,1.2051638885731322
156,25.091978206278576
2,97.51306774230409
5053,0.7925193884336963
7093,1.6203560735572822
9287,0.7320504787205593
16512,-0.3446139087172142
5647,0.218607769804386
2228,2.7768226878488136
15433,0.32831882952505254
13922,0.24694654113363157
6018,1.3207942100500745
17086,0.07977860753039323
3295,1.964780603558701
5493,2.0891059345877707
7871,1.879188594988129
6420,1.6824091723836645
341,19.071754185114763
10435,0.3902209226162441
16994,0.11836482727419906
11953,0.06094477954187738
6008,-1.2057858638756116
14227,0.4836433751347258
30,40.405070140041
6791,0.6844865393390691
10353,0.6211139107777015
10550,0.4739010982234859
1873,5.0220596250453795
11474,0.3660221139845774
5698,2.437606366881788
495,10.608785277502498
16110,-0.011145494267587708
12773,0.6508934649865026
14174,0.518723243396316
17765,-0.01455388030544924
5397,1.3348182856312079
13755,0.15040045446250616
16371,0.553580267912217
15994,0.32063442038546697
7333,0.9228412172946392
4134,2.609256119084641
12505,0.9081833086840803
10099,0.40729348482211236
16215,-0.06752703571520868
7238,1.3635505533161236
9302,0.2987918496713391
7091,0.845893686790383
16806,-0.22327315733078734
878,10.835175446302635
15329,0.1835002266035346
16020,-0.09203461737015317
9278,0.3438969445117195
1181,8.633504011263675
16126,1.1902573810779487
518,5.726882711173296
4742,1.913557049907304
17233,-0.19650108414086986
10039,0.5612656809307808
5947,0.02951414859945345
1663,6.789191760639149
27,55.235158386207154
6327,2.0405326145960245
14043,0.711157721063465
9117,0.3469330952564249
1890,6.835794535750885
16552,-0.0672911194441852
4808,1.4628501434194092
13586,0.5313105017841977
12187,0.2623970474818762
12112,0.05291922350030376
4187,1.9147015181489948
1721,6.925115938765295
5412,2.9723631645777644
9747,0.7158248327532775
8928,0.1953859336760715
8348,0.954645672560936
6676,-0.31760542293032046
14157,0.3149204737487352
7294,0.9375685167038981
8569,0.6839724636473576
3810,3.229929891671894
11451,0.7290500512015754
10610,0.4015449871318779
4770,1.1624293583974818
15397,0.5230761076723738
14471,0.28008878418955163
10711,0.17937669129968725
12962,0.13992871610043522
2727,4.514203097052025
13715,0.14530214661642304
16190,1.3073121565886439
1481,7.373033737842228
15258,0.40855522747596495
7175,0.9180099807797077
17192,-0.8839013084318381
17640,-0.6067052333982517
11068,0.10010966880411587
2930,4.7760709712959155
47,53.204624989724714
8203,-0.026334350211620006
11723,1.2260542051111472
5220,2.0689531566113075
12600,0.44498660785213673
14033,0.07802448406179252
821,12.091196727307256
4394,0.7570430975461093
6993,1.4004290724172606
10427,0.39939044559714176
7411,1.1943459560364218
15821,0.20696254528375135
5578,5.587106976988785
129,29.726428720189027
15759,0.35638067676060103
11592,-0.010523375030651039
3425,1.481162023219973
7890,0.4092578022426707
3290,3.188896185249355
9840,1.598751036821504
12228,0.19715996256947932
46,51.35579633212648
898,11.833236318610425
14062,0.6211875111978671
10295,0.5127344254616517
9022,1.0432663612403061
7381,2.0603665661503
13711,0.10969811281841402
7687,0.5153325507033131
13687,0.2682461470401236
15783,0.1979226995583403
13443,0.8569008897868216
10251,0.0750558494948379
2232,5.1747378840246725
1703,6.881384065489435
7201,0.9008427558263676
11946,0.11524414136152217
17544,-0.8102344169584725
14715,0.2902090656776082
15313,0.3368526317581697
11983,0.02997515393659711
15123,-0.03888258610123074
17547,-0.16228051588533532
13220,0.6024193420006938
14890,0.5909516319832377
11332,1.156320110692569
17920,0.883958600129894
16108,-0.05142105303429645
12465,0.36549275890597954
9115,0.4093245857820236
1529,8.178804737218734
2253,5.630067753332206
5586,2.1502151531811435
6193,1.838159860697239
8317,1.44689937669947
3415,2.229820802239864
2223,3.49663942628532
9755,1.2644775101306678
5126,2.6352101460294293
6116,1.2815085111866225
2812,3.5287063380703856
10629,1.0776981782922874
6152,1.713459613366858
5663,1.7279415220800516
4371,2.200895735780115
3141,5.183182188488523
13043,0.27309638412224757
1388,5.1411644309221955
7717,1.2993987362350978
16305,0.1667690070670247
11876,1.1670733595607672
1966,5.332956648139252
14114,0.5263878881750728
15881,0.15979462250371768
10223,0.3509433944599678
8751,1.4338209543656077
8753,1.4698134352987253
6469,1.8055308699467574
1061,8.549157097066846
8929,0.3374917956351666
10922,-0.07826651272613816
715,11.263737920975622
9704,0.8755258359727023
7027,-0.6558086448855605
17451,-0.2022408164831475
2639,3.544803404596827
17951,1.2585269808203705
5005,1.8330433291099482
5651,2.4631607592426334
6325,2.050939663652734
6923,-0.15701626576728955
11624,0.16244819150616507
7035,0.5383253380219273
11021,-0.04462595204675068
17416,-0.34780447855505514
15425,-0.005365122762491126
9709,1.168071331490971
10866,0.6763089266445448
15023,0.5075595551912855
8859,0.1070890363723791
6559,1.8468438597665013
5140,1.887211884552336
1033,9.82395020402344
593,15.445262991054442
17693,-0.29198063371591587
3933,1.352093919017328
1915,5.774395582993073
5367,1.1089992627892613
11664,0.6452389577197053
16487,-0.5277866868003045
2093,5.111320717595085
17230,0.036537686500899724
6214,1.8864135157510376
9412,0.6180348165055776
4864,1.1353966689769024
1826,4.705787552051554
13160,0.3588182499653172
15828,0.23572511914489525
751,13.675235584654835
13198,0.30411563328674873
16392,-0.20571561513478542
8938,0.19790515622120353
12230,0.20443488357859252
4400,1.7716832499391089
7197,1.6868321714306589
1702,6.4051822762233925
8717,1.4858971723405645
3932,3.3672651956550155
3867,3.4382231399436662
17551,-0.23450540424926913
2810,4.175702892533856
3745,3.0016915634998824
2627,3.838757726704749
7612,1.1933371723324697
2265,4.582433820315607
3458,4.094419346036737
5376,1.6063470417344874
5316,2.0994093066658692
4674,6.048010072280128
12374,0.3122894127918343
9797,0.39218357317671604
15422,0.37717249845059797
10783,0.7735400700683002
6427,1.2040384807858757
14878,0.40550301906031194
17491,0.617902648015864
4710,2.251488069523994
15561,0.08471538655008004
4336,-0.4291805550572363
7241,0.6303001165864615
14626,0.3179652047612578
3089,5.132583604473005
16530,-0.059421543853396486
6954,0.7801844884493292
11904,1.0413470147387542
12601,0.5984873423333212
8664,0.3361024294994408
3077,5.8991317499896
12211,0.290615052335788
14376,0.10050644293817612
15121,0.12047897122918272
13181,0.3076500793035919
8582,1.0031495767922465
11325,0.5947726839695306
5527,2.616206411792014
1248,10.314548878673286
2169,4.961721314261631
881,10.887938056442032
10169,0.6471969108355253
124,17.62061016452804
11153,0.22640148625583123
9961,0.5159037488028062
12491,0.4040186231779117
2392,6.686127471988534
14455,0.10845162235298034
5124,0.463402904861816
12919,0.43483629203401364
2518,2.7888438380783143
14965,0.42632413145614834
17559,-0.6394550070516587
10481,0.3851349213150783
14139,0.4511330166064411
6059,1.2414160354631534
14579,0.19781542492513182
2917,4.7464742874639185
17207,0.39872374611774575
2148,2.9861966490802914
2356,4.825257000948376
90,29.15096897103114
17284,0.03684770854373909
14297,0.6314651581474138
103,26.683445143147445
16754,0.24015760151977616
8907,0.812266758616083
493,11.48373685288967
11927,0.7286466613289448
17180,-0.040655400679504794
10551,0.29355890580615807
5394,2.0234231248981516
9771,-0.8761235922913571
6501,1.1709170489949017
12300,0.4716406053317357
9729,0.28473469089961867
11722,0.4747792184854589
5562,2.273819967557678
2415,4.660985672230048
7943,0.44818006523751563
10320,0.18139732782427842
1860,6.144106838502587
6447,2.2753850160457247
13859,0.17524100371637275
6870,0.7568927391355302
10225,0.2895436641429754
4252,2.20014351944436
14963,0.47444167578564844
4242,2.6227301831720737
12050,0.4717633644641168
17796,-0.922279193068654
2572,4.51001974546444
8533,0.7547731873189676
5619,1.745945563974196
16660,0.004239775944732571
17459,-0.5762238040561911
15294,0.6012199782248686
4588,4.17741536987463
9308,0.44202626534409006
654,10.724615929833725
7824,0.4439665958500356
15284,0.6579953824576208
11649,0.4772665034372139
3043,1.471623020615958
11327,0.32190880814537337
15922,0.36031910417963076
17052,-0.26179373996661326
11637,0.8726023020144495
17541,-0.017023306547294226
12170,0.4105047504081156
9875,0.05971251089155061
14190,1.0682449425150722
10507,1.011417012706353
17699,-0.13416233072087635
11962,0.4511240158645293
11806,0.9845128286820781
12802,0.665640263902425
9697,0.6157901092861735
13155,-0.20496317195914315
1062,10.550402009710062
6194,1.3479841182366314
9533,0.6607997882570018
4495,3.8977338351080775
6499,1.4906974499449817
15940,0.4058869171564865
1510,5.048437835171406
973,9.84260743446071
11935,1.0375552643824548
5304,1.628007987233154
4986,2.3407086127769148
926,10.238475628777714
1881,8.981686523809053
5786,1.1452828712023049
9474,0.26678798297404427
1786,6.698513941893388
16134,-0.5480510074298977
10271,0.25429867295049036
5010,1.2663287163126355
6790,1.116724577917843
15384,0.44527836528799725
16366,0.09398512891001332
6304,1.3507214089166624
646,9.780059961343348
8741,2.022929283819529
11107,0.37479953082547723
12934,0.09095766900812663
4334,0.8659250875715045
14383,0.23735465517427912
9521,0.5666326618220481
17864,1.6663839537500635
2874,3.0986848405256
1961,4.394503391150344
16983,-0.4269220501601936
8657,1.405569165332004
8310,0.7626420101454343
7299,0.9851391684828528
4234,2.301590244405098
10415,0.7537494295070317
5643,2.766374960722082
7673,2.038411166983572
3941,3.225429645240702
11091,0.03677319664314638
4905,-0.9910292414084196
14074,0.46992316746798934
15878,0.19472491629608868
6875,0.6904080599990081
549,14.442320713412663
10681,0.5551911621126706
14785,0.4286932082235424
3686,3.3407279484089756
16576,-0.03949243181097728
7252,1.2666357113459767
4020,0.7401546162397707
1841,3.698824391391618
15338,0.21817845900579158
10350,0.95507770417165
5825,1.3942913112743511
8067,0.011373458622976784
5666,-0.20460543515401497
12561,-0.17694365260647515
9976,0.10080490969414058
15910,0.21477142294316565
4638,3.231954900533374
5705,2.6140160144772793
11419,0.49328366950306446
1315,6.663649588787074
10280,0.5184971352566166
1506,7.739537721961959
3878,2.707742145464074
16084,-0.015144981138327296
381,11.479196798389275
370,14.116100529029403
16127,0.0010996466230537294
8881,0.23703023039099236
13573,0.5454904807223286
7379,2.666530873028499
170,20.561728985555767
16624,0.007103196738761142
14575,0.19174614856390093
10215,0.21697518308240404
5087,1.691973774045941
6777,0.6555747082178485
12119,0.12037744329264655
6999,0.22588204565933978
17012,0.08566120110923947
6851,0.705718526307983
15447,0.4063875443409657
6610,1.2338822974737482
14088,0.843103712853555
1039,9.435238157061995
6183,1.2220496301040598
10410,1.2545358658590189
15469,0.38597647455066664
5827,1.4866289634645042
16999,-0.8302083574673205
2522,1.8849652457638868
15855,0.16186815862987913
2785,4.528919843612407
17735,-0.1076107995204083
10918,0.13789019604582364
17263,-0.3340702022827102
13623,1.0244838023866905
4815,1.8967480622149182
3328,2.8038028769443812
9734,1.1107056123993075
2005,4.422188893209814
5728,1.9425605138642723
4260,2.202933277194056
1262,4.794207658428796
891,8.232281796588104
7085,0.8955986846766635
509,11.25976183244088
7310,0.5759854331523471
1745,6.080274549336174
3886,2.710860252679119
6474,1.9433039531968817
12817,1.1566589929489268
7749,0.6670303510671047
11661,0.44407678751888824
15993,0.9932086345714666
2667,5.086164242794261
225,21.210086090468273
17000,-0.9369144882638167
2358,5.006389014282597
15116,0.05824647190039656
14229,0.7121370196930386
6353,2.8714338068209244
7413,-1.1449841394983693
7855,0.9636704179436677
15516,0.4627975684888028
11810,0.4683551993712811
10057,0.16101335620793833
11668,1.2560041230618637
14265,0.91832105036125
3921,2.2338068210413766
12322,0.311790638166876
14272,0.725128844999567
385,9.394132540866643
14607,0.22751608118164057
3404,3.2481181074539407
7068,1.2529313421710455
246,21.527546423517684
1979,6.53681950594342
2446,5.402154854425753
11195,0.0860769591069257
261,23.394650729695933
6319,0.14819849139338004
15067,-0.02002409757640322
5865,-0.07492769342585603
12875,0.032109568623205575
13167,0.6227039034281958
2777,3.7409402314478157
11053,0.78068071640498
17380,-0.5180971628565842
10814,1.4721597042557377
14134,0.4101116008117671
4871,2.677114561851347
6816,0.8230747736955024
16047,-0.3633522747335505
2116,4.738774725200038
15293,0.6561432928147681
16347,0.2827960308651214
14014,0.4231680144301819
13252,0.37184980101979903
7896,0.5463230754466579
8037,1.0497745166640087
3311,4.528934291904783
16120,-0.02552860876216556
5187,1.6705049684547149
9307,1.2134404838553436
17748,0.2637845647702832
12003,0.3030302232723656
6505,1.4123158376388503
17421,0.33769734737969515
3856,3.395283006991754
7742,0.3260040067734238
11631,1.0322883721250307
15635,0.03212301868183687
4302,2.4303256349441895
1162,13.68729686518352
7899,0.24498728717640716
3122,4.360446085101195
14187,1.4440534449290325
7648,1.2463872445582993
17441,-0.05212281384812201
3115,2.575106312806845
7104,1.0323463561216997
6306,1.538807352959175
1810,4.125888288046461
1222,6.972365807996006
13107,0.3314440985617111
16948,-0.0038158418026270624
13517,0.4931904104579914
790,10.499632096770704
5639,3.0034766287982038
8353,1.5536422914480212
8889,-0.34449821361423716
1030,6.734981781499194
9498,0.36056834456027076
10717,0.45805911527403254
13787,-0.09805751324628176
9696,-0.6195791038525797
5646,2.1671994978574034
12897,0.6009224807271991
7293,1.3624996713053363
16666,0.4282470801836453
15504,0.5586368415431551
16904,0.017022884578857145
11351,0.518758441931773
8505,0.6618005957577182
4893,1.885456973059
13077,0.180067755079115
8131,0.5423329963901082
14698,0.2551936043292855
13015,-0.3345566768161419
5282,3.3425594197193718
9867,0.8197698309569361
7602,0.25457838641531083
1584,4.337042023709195
919,13.066768830131785
3659,3.5680725886374987
16016,0.04547345356309762
12901,0.2720566378121063
17138,-0.2035457226422821
12681,1.0339710532189699
17341,-0.5011300550738085
3174,3.1217068050655072
13627,1.0473530905267339
7477,1.1645307398613127
8795,0.031117167788600852
2478,3.2522970733521177
4684,3.1805004566610293
11960,0.20127333449394058
5577,2.125152076245861
8901,0.4999202614884197
9328,-0.7813125566043411
484,12.474335710329747
16682,0.11151655789796422
4881,2.054229422494082
9476,0.4989987354105594
15349,0.47161971337501285
14843,0.7957882733541268
10573,0.5629718520439511
15601,0.026445274794220097
11289,0.4221938787435491
5912,1.0880087202630975
16753,-0.15730033621645845
2349,5.541667659675419
16472,0.0021261475373322014
8777,0.07049052472367379
11587,0.4153639343408244
3900,4.70891826410034
10827,0.4087033882631417
7376,0.9097806315237236
7862,1.203610836273306
6009,1.5986041177678558
15309,0.35413318811955463
3854,3.6922697092918852
2525,5.699056797808716
8585,1.0662265699869877
927,8.741275499572701
4841,2.301163008385636
9803,1.3786017265783457
1289,7.549503578611031
16743,-0.6273938378954469
2494,4.622483939271582
5953,0.6672071257657777
7157,1.2421587080616305
6616,2.1550961746527477
9342,0.9848237875450749
17007,-0.16933059404625084
17806,0.4728069367368235
17939,-1.3407306657746645
5114,2.1389567559805656
13613,0.9870256561475728
9084,1.2164187572420886
8446,1.0435702077373818
6596,1.539959211504673
3463,4.146889620208462
6537,1.1318005387154457
15174,0.16942566462019926
17560,-1.1724864662164478
16830,-0.18823352564675844
6379,0.5577874171802009
1948,6.26562042991943
5845,0.6460337396091873
9581,0.5422830278030446
8190,0.3003606995573378
13503,0.6180932860346147
5713,1.0834995633108875
17932,0.29634945738008156
10583,0.1684721468465611
7149,1.1943227634204234
10726,2.5328983086686705
17907,0.0855601582243608
6356,1.7273013180407943
17130,-0.639675813193044
10759,0.5590650149870626
7876,0.4127612791012254
8705,-0.6471862043458501
14051,0.31541728537575153
17522,0.06634879358673373
1526,10.509410332548605
13248,0.4072290657390383
9470,0.5121263387415738
22,60.963121776772134
10609,0.21856016838834336
12302,0.5783728895455553
11509,0.6041306821099894
5783,2.083486256156071
4771,2.673050402194754
2137,4.268874522944081
3633,2.506667578990026
8295,2.538617776282699
9919,-0.6797805002370652
1552,6.979868513942016
3944,1.5675006394533781
17266,-0.35578066022583954
5490,2.7486022219167765
14296,0.5387817345142807
9454,0.5020637583432759
17778,0.19518373787551724
3865,4.767436982545199
12821,0.6161462615890727
5935,1.1097495260883434
8264,0.6640776440627221
13612,0.5607823597267227
10135,0.20532569415960467
5459,-2.532341526197449
9878,0.38994641505249916
17308,-0.010071952939632922
15924,0.24827899816077803
15758,-0.03248663356274761
6148,1.0704068355104468
1455,10.937330617004385
6487,0.8628449565145715
11998,0.269876582295673
5354,1.546913352880857
1024,13.324025908671409
6963,0.8049950680092977
5151,2.0496043476697494
10604,0.15557837263070695
11778,0.8943316307118678
13631,1.2903106741240933
12923,0.17095799139556078
16641,0.3144419054044718
13313,0.5370492264547337
10471,0.9199539441829572
16458,-0.12569063944777525
7842,0.14792701471831293
362,18.36420902234226
11171,0.15608318728241244
1235,2.5473347101615715
14779,0.34503752598026693
11440,0.26996648156038106
9942,1.1678394532947536
981,9.19153161086573
9687,0.7955446085594176
1833,9.73969402497061
16009,-0.099429945445344
9078,0.33208846337978315
13075,0.3378338698385548
3332,1.1654716267146696
10897,0.9515864433967991
4472,3.090617922869704
15039,0.5533144685089937
10787,0.6274302420285736
7459,1.2721378660115832
2407,4.406129635400028
14946,0.47268964591841467
4974,1.5464316224723333
17763,0.1007649919921434
3079,4.909853321346439
15761,0.8185961944823035
10643,-0.4766660157726008
102,30.43663271139709
14900,0.532697909422545
6346,1.566633442718448
5301,1.9600026369260704
11191,0.09931296375390986
8427,1.522919893354235
17571,-0.20977440057604468
15777,0.15895133830547792
2794,5.335213026632182
12422,0.3762564323856523
14828,0.8707496643779606
14295,1.06903619288439
10890,-0.707983933800385
13191,0.2394270835174055
669,7.550745526391118
5800,0.30383629634939524
2254,2.4617117795016625
7277,0.9574943513555567
6070,1.0980921297371466
1846,5.54852619914795
15781,0.20602675572191487
7304,1.9459081983039468
9043,0.5850353072337597
6454,2.743152472593799
4333,2.5867327228241024
15670,0.26685279344689405
5013,1.3861220940074972
17117,2.671727017113774
13340,0.2581400655642696
14286,0.19785341153329483
45,33.91512505500025
14395,-0.06543565881980129
9906,0.6510814272573455
17290,-0.3740236969368951
7038,0.7446565984940534
6554,-0.3689564383931625
1777,6.407940241521011
12183,0.8052629097945996
2375,5.575145914081951
17727,-0.018604448145332242
14709,0.23836689656935306
11793,0.5515527884307474
6690,0.7162179579475563
6704,0.9496751383359978
12940,0.1268282656980304
15884,-0.06247636041153015
10327,0.25095776131606584
12531,0.3666974071669884
7714,-0.5413678897029044
12215,0.22486017918185297
3329,3.9869096776033146
15448,0.49286142745744854
4555,0.7750835969238423
17761,0.13962672259760467
2945,1.755480013782865
1306,6.801902161906064
6897,0.7715304946207553
50,52.93339408227265
2177,4.018728726487019
201,28.82260195428426
9123,0.3761224341033724
10745,0.3620406166660288
4645,0.1607180385818694
4119,0.05310304488778428
14269,0.48933729803443526
8456,0.741463323531427
7849,0.770699186202144
11194,0.07475060121351618
14355,1.010768896797849
3071,4.274303619628945
10574,0.2689998575783292
14268,0.5369943524194625
1604,5.558776556340796
3734,3.2409941820251262
5465,1.406542233597328
2050,5.382013728409184
17593,-0.14324511046685728
17855,0.501551803877696
131,21.779460754757345
965,8.547429563895214
11011,0.10397149665063665
6440,1.7562576554663067
12492,0.9920428741320038
166,21.290625507557017
6958,0.7683426255284829
2337,2.744434304938501
253,15.400533867478238
3235,4.234151673292693
6586,0.8020623745631568
13972,0.47745240009066237
14219,0.7026627540055657
3780,2.551667366829129
16078,0.09309069911464718
7589,1.2230798176689675
10910,-0.012270388924584097
1349,6.293309398266452
2310,4.382674313130018
14369,0.23318112228123056
12241,0.6686627031772545
11442,0.47917921424971865
7114,0.8607211962821069
17124,0.10701382047064811
9038,0.2927971738347921
17946,7.071271170912077
4110,2.2600369556814357
8266,0.47396012173421553
3321,1.9612235447219248
3696,3.901353949757201
9910,0.20406099030063984
13817,0.2941893048717148
197,11.497078813991187
1192,6.222222790370445
8766,1.572818211670203
6775,0.919308471546664
1103,3.343416514607206
14324,0.9027435140804627
15931,0.337941522635127
1709,7.911969747999414
8162,0.852554403854846
7545,1.0609494168965554
3580,3.1708580080507787
9091,0.4118116477449618
2025,8.164949223658887
2802,2.857509573366393
14451,0.3030918927035984
10554,0.6004084550477629
14301,0.7584128132319208
17488,0.5110830306567422
3991,4.972949978988375
17599,0.2359089553364626
4126,3.523618137075694
8053,0.5710802036565852
7617,3.774538249032581
14697,0.3270639405329021
16338,-0.47597924022641536
7947,0.5065064020736898
971,8.024014698347777
2927,3.0286856517611156
5387,1.4155024558276423
8289,-0.4427165124174124
9601,0.602503151360672
1304,4.48486076055584
1196,8.174233741616753
14777,0.3803460314776501
7129,0.7094140539124467
16493,-0.1273405973305941
3983,2.3838078760916304
516,7.222439679505463
11969,0.05710372436131905
16378,0.6612547795014692
14778,0.31622614815183425
9673,1.1310375024548236
13447,0.5628406843137768
1156,13.460669481946773
9310,0.2732321404727358
3735,4.2157811593371335
17898,0.2545476970606799
8018,0.49441733032117696
15895,0.37792196342372364
11576,0.6705748693406903
14955,0.6459158455108067
49,45.99401792308344
4009,2.3361107368242884
5857,0.46512044426469146
9969,-0.16707130783098734
10957,0.019783297227682795
15230,0.6305263662717167
5521,1.408755177741277
3392,3.418280273771934
17711,-1.1405792268538661
3090,3.604584018080992
12885,0.019922456163179447
14146,0.3686659303440436
7737,0.07802570255767449
17741,-1.4331395120312962
14438,0.16598256534744138
2350,1.9460219906704808
13851,0.4537855765492438
2493,5.7392873818670935
14628,0.3533709901247519
11665,0.6043385929358962
8108,0.41743223340035485
6566,1.0088861321537834
12507,-0.3336661109541197
2671,3.498557375317425
13625,0.9635725309739982
14499,0.29255990738642623
8444,-1.5845013578728455
17224,-0.16951018939617057
13235,0.39453482638570136
4948,0.858616779171733
6166,1.5578614744857546
2429,4.40461851543197
13137,0.19497243563252908
10524,1.0359951262688227
15788,0.29558624608781514
13763,0.5174428787649745
13145,0.25153386079042406
4787,3.1142995360834576
7178,0.929449294200019
5207,1.4737697885420218
4751,2.8037819066492844
13708,0.16750839860107902
17743,-0.7129243395573255
6763,0.9556413700692232
4688,2.4169275525507814
7432,0.70253081197027
13746,0.12192285169692951
5315,1.837759203903424
1409,9.121902580147399
1261,7.4208803573514714
14975,0.5010288934311475
16663,0.04473988482217095
11478,0.3296620105113064
5362,2.1431930882337937
5535,2.3014263205851577
16765,-0.20967445589048594
3903,1.8244728019249052
11660,0.6428768995388694
13565,0.05132798131663918
2319,3.3181699418968194
7554,1.3058961548819
15986,0.33160764386921215
7651,1.226212311979502
11058,0.21363662571115327
15496,0.5619585366865962
9045,0.8644539805471467
10825,0.8374218646612448
9284,0.9626510957812044
7638,1.26854966072586
13369,0.888867528035199
975,10.896835446226
3185,8.171092469693825
7839,0.39538692101707085
16230,0.11821642490996709
1277,5.675075673599089
6289,0.8574355112671199
9693,1.0557558198826413
7977,0.7752011892633206
15632,0.08615787352129445
1704,6.448292308484632
8458,0.43524389634736593
17331,-0.22102928756061857
14141,0.5204625276342725
13606,1.1487117630075474
10340,0.39528148793360884
8712,-0.581064389201309
15074,0.16117344628431596
1285,7.029070229956268
6702,-1.1337742504557369
6985,1.1349520998149458
824,10.539963077016061
12640,1.173742177137079
14094,-0.7674059548553558
3208,3.6218228050822816
8422,0.3391054146543766
13725,0.11420785982776493
13255,0.5297049240174303
9493,0.8891219890809836
7003,1.1423680177054862
17692,-0.04404728890687437
4417,3.598345319559648
10372,0.8046077368825237
1070,9.987147118949359
6882,1.2829406394379745
9584,1.0472793853161946
8688,0.9922216831752095
34,49.59005818554089
15925,0.023084062913277137
1637,5.714489599275261
12311,0.014494442824592113
9959,0.0791777017559312
7306,-0.11235137729476463
13325,0.3395548474655854
8102,0.3054964001092131
17732,1.1135695712627083
5131,2.4291682898722016
8674,1.8588662626013601
14350,0.25155970876569
5160,1.0360000683151256
16747,0.9182418310051688
4177,1.9981060157329225
10122,-0.049688389748020256
1802,6.874977315909781
10229,-0.721082335361352
13117,0.45619614082921345
15549,0.028635483896515268
1140,12.10775197487208
13275,0.4514745080141225
3869,3.1829115249306668
3794,3.019288539368965
6111,1.9744950157350942
15663,0.06895693305795447
5942,0.8062136715996289
15423,0.48328947998283667
514,6.159786380045226
11069,0.22192375385555607
17458,0.10142146288107057
9750,0.6623199617935356
2955,4.044082257159111
11858,1.0575112767986283
13952,0.2450800853957631
14401,0.0882657529900186
11676,1.3797348084977656
8130,0.2717569676430074
13757,0.3534683474190601
3372,3.918386845434732
13280,0.19685689533890383
14431,0.12114717667621022
12974,0.2086941199042016
13811,0.757648056336528
11038,0.1446054645451582
15435,0.4497865633436149
13241,0.4087546428200497
12982,0.6846564085193805
7142,1.2731374421636374
16442,-0.08502189259402115
13229,0.26676168720204174
1176,8.134341745900649
17,48.25591264278665
8150,0.9646752124073785
16051,-0.21689845957745746
666,8.404633453449911
15280,-0.15407494943338662
7771,1.2003813579543063
13907,0.09603950312247633
11114,0.6905533695301571
13203,0.2911241979758401
10077,0.29418298434341494
16825,-0.12296828603472676
2104,5.6035332848716095
912,10.55226308987448
5787,0.7188088888025348
9505,0.4706207412010954
7326,1.4394058173221893
16771,-0.48456104255684096
3806,4.713013682165489
364,15.780627514532632
7258,1.0021619925573546
16251,0.16034670345398894
5692,2.6368325757965394
7352,0.28910289644503706
10567,0.16244368283744137
6970,1.0520042358596058
17821,-1.2340541425972944
8158,0.6220077333204799
16502,-0.11752059944597448
665,8.173808167636658
6317,1.6845262449105647
11389,0.25865453636667013
203,25.944461545988467
1274,7.989478329126179
6600,1.3063416315488823
11956,0.20511031271922064
6467,1.6310621419167362
15110,0.4784879838725331
17916,-0.2785043399671494
6736,0.512131469791619
15364,0.39817517398642366
9240,0.3251862374632921
15634,0.5005847789161564
8713,2.375480538038879
4423,2.392389289890538
10,62.386197965722396
2827,3.5711877979838036
6115,1.499707254890204
9431,0.7422555246565068
2678,2.145879973556056
9003,0.24202947540447184
10637,0.7128786048289655
3201,5.340670848692618
420,18.910216407566473
6491,1.4690214707622502
8508,1.2455476013213698
1476,8.048074154080545
6042,0.7407677380728117
17279,-0.8002591567105739
11121,0.10512523229034088
7963,0.3912094960741612
6921,1.4564022837773578
7285,0.9236126762086272
16821,-0.4382979528572051
6455,1.45708558237461
2325,5.259071415427165
10000,0.16353064407476126
4517,-0.3316664396582425
6909,0.7466592999316148
3140,3.835919081357808
16752,-0.18778682319122453
11932,0.11121551711691069
4240,2.054992421850791
12077,0.5842753945966237
6683,0.6180508757132586
11238,0.5653105235006493
397,17.33958228123125
6109,1.1175057336495868
17096,0.2659269899973751
15853,0.6369646738136439
6607,0.8137481981801571
11726,0.847598091381748
14306,0.37634215356843725
6430,1.3134637969809617
14323,0.9057311645300032
14994,0.4082571006683722
2793,2.1451108065597353
13609,0.9312106610390103
13918,0.21962672394108296
16966,0.0015436826906594092
3508,2.228816070078288
2920,4.982377948143515
7916,1.4396719016369204
14684,0.40328587444751207
2233,2.903880681442395
1912,3.2653737509736445
7279,0.01831203499826728
531,15.55017021826432
7366,1.570842295034005
56,40.51398354923128
5021,2.2319195883288856
8659,1.4426706182366402
5217,1.6348277699268223
7143,0.8348754229069115
15721,0.03431404279749728
14299,0.6882554018121922
2585,7.14228602386391
17657,-0.854182265201068
12114,0.5758371127537529
14564,0.14296916364157397
229,32.744357538074546
15264,0.23919819416421007
4557,2.4041933384747196
5979,0.9630329297424751
4153,2.2237737818204337
8523,1.6597236619692453
759,10.794634700691255
4408,1.9613159280844528
16732,-0.2923294981133395
16631,-0.19083361218790884
17253,2.0385446129088294
16028,1.127512095036586
4927,1.7102095786677936
8080,0.5428714311329585
5061,2.3170507794555064
4043,3.0532061530933206
14488,0.08043066283264722
17321,0.3282099024434828
3407,1.4777811920877824
6785,1.2787247590616815
14125,0.7122482284197176
15065,0.4230179547001498
3445,2.3600660658106776
16426,-0.19065302098344006
12236,0.16455952806952467
2738,3.9264083337482347
3820,3.4400316759117615
4475,2.57764126430974
7897,0.6352974613268216
15536,0.5755681457480009
10478,-0.09455252955060445
4659,2.6079242810545438
12289,0.2454830535272592
4562,2.3661320710933254
6489,2.0624183272092935
17698,-0.10194931994195855
10390,0.562754993134881
10631,0.6973798897201036
1511,6.903564747393595
8738,0.43441643885099523
7511,0.7347376973635349
7207,0.7067478032988035
16321,0.186644684485735
14706,0.4974601129086338
8491,0.8042491900600837
9483,1.3121076879824543
1706,8.022675741699395
1129,11.17656558642124
613,11.38265374809891
11682,0.4044230633972532
12701,0.4596053884486011
2154,3.714571884139808
6164,1.9539580004101182
2144,7.2669593028923245
3178,2.230474350133399
4189,1.9362422799549606
4470,1.5669948079036615
15509,0.49802804222040464
2560,3.7976996761724493
953,12.494757051874267
17520,-0.2706153407608909
14115,0.3753714171620359
11450,0.5717230358080982
1575,5.65718298020834
5155,1.827554764767946
10204,-0.37706654300802
7929,1.2318422156636544
17610,-0.32082988231574205
1608,4.412684830266748
2346,3.168182270661056
4926,1.8762486292909628
13304,0.5030076507387307
10259,0.25921410630822805
707,11.636990792054384
8485,0.6888261607923525
2409,7.3359473579505945
6753,0.7892414802639465
8514,2.1175711759465727
15991,0.36377476684187826
10982,0.12799666797634046
4884,2.1576974517818925
16788,-1.0910246602012776
16099,-0.03850981523361696
5250,1.299559666929106
7446,1.0766524687445056
14138,0.6201791580024363
10230,0.17727975949458852
4945,1.6328562473049075
11498,0.5488878667002624
1877,8.319053073584534
8391,0.7649109801332159
12514,0.6360530955584451
6980,-0.6049787662116799
3387,1.8928207012612361
1675,7.17606845620606
13532,0.724887854137954
1716,7.647502557333802
10836,1.1756145475964885
15702,0.8871951837601344
2756,1.3743048538855547
5517,1.7424243436799074
2041,2.594747057230528
9558,-0.24035156398473845
3136,3.451255851635331
6813,0.8806875448752933
436,14.662081086934997
9554,0.6618909555849157
5149,1.714701048225315
8802,0.07677141477855542
5337,1.1553988382090594
4971,1.555295885213134
6967,0.8181718876414621
12096,0.17395984706697476
2604,2.298490405983152
14726,0.28786672603113317
5439,-0.7068024035265026
16883,-0.08621222450053523
11652,0.8852405977373294
14349,0.827629615469867
10222,0.23876657289081749
17396,0.13992187473734674
10126,0.16472466797500118
9861,-0.04203714907776401
9266,0.3047046456472273
1734,7.536430505960759
10332,-0.2996856744436158
2001,7.417873862025353
5289,2.6768250566131186
14584,0.24987962980292622
15439,0.3218741558302085
2053,5.950793699851921
7777,0.04049255023129916
1063,2.0130387821978175
4114,-0.1250687339364518
9953,0.178803661015003
10452,0.14301973164305792
4716,2.7969187021196333
6477,1.8287408769683893
8048,0.7236806676379999
2725,2.9846810115992994
9445,1.2691678955690335
13794,0.27438949998909123
12790,0.8582931274090768
1259,5.465172320140546
2980,3.024174382420135
10770,1.2828435095858808
4455,2.913159773381331
14287,0.49755138096660545
3874,4.208262086012375
7210,0.8893116178590148
15906,0.15986368377321725
17344,0.6555016356592134
16449,0.3001109196170191
5880,1.1735719434039211
17397,-0.24947476838074323
7922,0.6514319977065881
17291,-0.22646840806587676
11520,0.905739490530685
3704,1.2249821804737522
5,86.15075017793365
6026,-2.4718002955514535
2024,6.638887748972117
6776,-0.18474426892735352
13224,0.29613703053431806
9242,0.29594587338203127
6435,-0.3055648564332145
12254,0.3235563106248591
15975,0.28170188410337715
4575,2.2510649113419348
372,17.165070608084385
515,7.066653046504378
4093,0.4716978857363685
2675,3.759806389759156
8531,1.5817073734583786
17486,-0.3286962879093309
392,24.004218048403054
7580,1.749983617153866
398,15.227554666350535
12425,0.37855653457734917
5584,0.9792235436529424
4629,1.5158362492462274
6123,0.8527704638097262
664,9.57995264130907
4238,4.237573002314399
